Player,Team
Isaiah Adams,Arizona Cardinals
Andre Baccellia,Arizona Cardinals
Markus Bailey,Arizona Cardinals
Budda Baker,Arizona Cardinals
Krys Barnes,Arizona Cardinals
Jackson Barton,Arizona Cardinals
Kelvin Beachum,Arizona Cardinals
Trey Benson,Arizona Cardinals
Angelo Blackson,Arizona Cardinals
Joey Blount,Arizona Cardinals
Aaron Brewer,Arizona Cardinals
Anthony Brown,Arizona Cardinals
Evan Brown,Arizona Cardinals
Baron Browning,Arizona Cardinals
Sean Murphy-Bunting,Arizona Cardinals
Michael Carter,Arizona Cardinals
Andre Chachere,Arizona Cardinals
Dan Chisena,Arizona Cardinals
Kei'Trel Clark,Arizona Cardinals
L.J. Collier,Arizona Cardinals
Zaven Collins,Arizona Cardinals
Trystan Colon,Arizona Cardinals
James Conner,Arizona Cardinals
Keion Crossen,Arizona Cardinals
DeeJay Dallas,Arizona Cardinals
Jaden Davis,Arizona Cardinals
Emari Demercado,Arizona Cardinals
Victor Dimukeje,Arizona Cardinals
Greg Dortch,Arizona Cardinals
Milo Eifler,Arizona Cardinals
Hjalte Froholdt,Arizona Cardinals
Jon Gaines II,Arizona Cardinals
Dennis Gardeck,Arizona Cardinals
Blake Gillikin,Arizona Cardinals
Anthony Goodlow,Arizona Cardinals
Darren Hall,Arizona Cardinals
Marvin Harrison Jr.,Arizona Cardinals
Marquis Hayes,Arizona Cardinals
Charlie Heck,Arizona Cardinals
Will Hernandez,Arizona Cardinals
Elijah Higgins,Arizona Cardinals
Keith Ismael,Arizona Cardinals
Paris Johnson Jr.,Arizona Cardinals
Christian Jones,Arizona Cardinals
Elijah Jones,Arizona Cardinals
Zay Jones,Arizona Cardinals
Justin Jones,Arizona Cardinals
Naquan Jones,Arizona Cardinals
Nick Leverett,Arizona Cardinals
Roy Lopez,Arizona Cardinals
Jesse Luketa,Arizona Cardinals
Tyler Manoa,Arizona Cardinals
Trey McBride,Arizona Cardinals
Max Melton,Arizona Cardinals
Chris Moore,Arizona Cardinals
Jordan Murray,Arizona Cardinals
Kyler Murray,Arizona Cardinals
PJ Mustipher,Arizona Cardinals
Bilal Nichols,Arizona Cardinals
Carter O'Donnell,Arizona Cardinals
BJ Ojulari,Arizona Cardinals
Julian Okwara,Arizona Cardinals
Tejhaun Palmer,Arizona Cardinals
Owen Pappoe,Arizona Cardinals
Zach Pascal,Arizona Cardinals
Ronnie Perkins,Arizona Cardinals
Austen Pleasants,Arizona Cardinals
Matt Prater,Arizona Cardinals
Tip Reiman,Arizona Cardinals
Desmond Ridder,Arizona Cardinals
Darius Robinson,Arizona Cardinals
Chad Ryland,Arizona Cardinals
Bernhard Seikovits,Arizona Cardinals
Ben Stille,Arizona Cardinals
Dante Stills,Arizona Cardinals
Jason Taylor II,Arizona Cardinals
Dadrion Taylor-Demerson,Arizona Cardinals
Luke Tenuta,Arizona Cardinals
Xavier Thomas,Arizona Cardinals
Starling Thomas V,Arizona Cardinals
Jalen Thompson,Arizona Cardinals
Khyiris Tonga,Arizona Cardinals
Clayton Tune,Arizona Cardinals
Travis Vokolek,Arizona Cardinals
Xavier Weaver,Arizona Cardinals
Kyzir White,Arizona Cardinals
Jonah Williams,Arizona Cardinals
Garrett Williams,Arizona Cardinals
Divaad Wilson,Arizona Cardinals
Mack Wilson,Arizona Cardinals
Michael Wilson,Arizona Cardinals
Russ Yeast,Arizona Cardinals
Micah Abernathy,Atlanta Falcons
Junior Aho,Atlanta Falcons
Tyler Allgeier,Atlanta Falcons
Troy Andersen,Atlanta Falcons
Jessie Bates,Atlanta Falcons
Matthew Bergeron,Atlanta Falcons
JD Bertrand,Atlanta Falcons
Chris Blair,Atlanta Falcons
Natrone Brooks,Atlanta Falcons
Robert Burns,Atlanta Falcons
Lorenzo Carter,Atlanta Falcons
Matthew Cindric,Atlanta Falcons
Kirk Cousins,Atlanta Falcons
Coy Cronk,Atlanta Falcons
Dane Cruikshank,Atlanta Falcons
Drew Dalman,Atlanta Falcons
Brandon Dorlus,Atlanta Falcons
Phillip Dorsett,Atlanta Falcons
Elijah Dotson,Atlanta Falcons
Dylan Drummond,Atlanta Falcons
Ross Dwelley,Atlanta Falcons
Arnold Ebiketie,Atlanta Falcons
Milo Eifler,Atlanta Falcons
Kaden Elliss,Atlanta Falcons
Rashaan Evans,Atlanta Falcons
John FitzPatrick,Atlanta Falcons
Dee Alford,Atlanta Falcons
Eddie Goldman,Atlanta Falcons
Ta'Quon Graham,Atlanta Falcons
Richie Grant,Atlanta Falcons
Jovaughn Gwyn,Atlanta Falcons
Antonio Hamilton,Atlanta Falcons
Harrison Hand,Atlanta Falcons
Demone Harris,Atlanta Falcons
Zach Harrison,Atlanta Falcons
DeMarcco Hellams,Atlanta Falcons
Matt Hennessy,Atlanta Falcons
Kyle Hinton,Atlanta Falcons
KhaDarel Hodge,Atlanta Falcons
Mike Hughes,Atlanta Falcons
Lamar Jackson,Atlanta Falcons
Grady Jarrett,Atlanta Falcons
Matthew Judon,Atlanta Falcons
Khalid Kareem,Atlanta Falcons
Kevin King,Atlanta Falcons
Younghoe Koo,Atlanta Falcons
Nate Landman,Atlanta Falcons
Chris Lindstrom,Atlanta Falcons
Zion Logue,Atlanta Falcons
Drake London,Atlanta Falcons
LaCale London,Atlanta Falcons
Tyreek Maddox-Williams,Atlanta Falcons
DeAngelo Malone,Atlanta Falcons
Jake Matthews,Atlanta Falcons
Jesse Matthews,Atlanta Falcons
Jase McClellan,Atlanta Falcons
Ray-Ray McCloud,Atlanta Falcons
Liam McCullough,Atlanta Falcons
Kaleb McGary,Atlanta Falcons
Darnell Mooney,Atlanta Falcons
Rondale Moore,Atlanta Falcons
Ryan Neuzil,Atlanta Falcons
Storm Norton,Atlanta Falcons
Kehinde Oginni Hassan,Atlanta Falcons
David Onyemata,Atlanta Falcons
Ruke Orhorhoro,Atlanta Falcons
Brandon Parker,Atlanta Falcons
Riley Patterson,Atlanta Falcons
Michael Penix Jr.,Atlanta Falcons
Nathan Peterman,Atlanta Falcons
Clark Phillips III,Atlanta Falcons
Bradley Pinion,Atlanta Falcons
Kyle Pitts,Atlanta Falcons
Monty Rice,Atlanta Falcons
Bijan Robinson,Atlanta Falcons
Armani Rogers,Atlanta Falcons
Benny Sapp III,Atlanta Falcons
Justin Simmons,Atlanta Falcons
James Smith-Williams,Atlanta Falcons
Kentavius Street,Atlanta Falcons
Andrew Stueber,Atlanta Falcons
A.J. Terrell,Atlanta Falcons
Bralen Trice,Atlanta Falcons
Carlos Washington,Atlanta Falcons
Casey Washington,Atlanta Falcons
Tyrone Wheatley Jr.,Atlanta Falcons
Elijah Wilkinson,Atlanta Falcons
Avery Williams,Atlanta Falcons
Charlie Woerner,Atlanta Falcons
Josh Woods,Atlanta Falcons
Nelson Agholor,Baltimore Ravens
Rasheen Ali,Baltimore Ravens
Mark Andrews,Baltimore Ravens
Jalyn Armour-Davis,Baltimore Ravens
Malaesala Aumavae-Laulu,Baltimore Ravens
Rashod Bateman,Baltimore Ravens
Chris Board,Baltimore Ravens
Beau Brade,Baltimore Ravens
Corey Bullock,Baltimore Ravens
Ben Cleveland,Baltimore Ravens
Chris Collier,Baltimore Ravens
Ryan Cooper Jr.,Baltimore Ravens
Malik Cunningham,Baltimore Ravens
Darrian Dalcourt,Baltimore Ravens
Joe Evans,Baltimore Ravens
Daniel Faalele,Baltimore Ravens
Zay Flowers,Baltimore Ravens
Malik Hamm,Baltimore Ravens
Kyle Hamilton,Baltimore Ravens
Deonte Harty,Baltimore Ravens
Malik Harrison,Baltimore Ravens
Derrick Henry,Baltimore Ravens
Justice Hill,Baltimore Ravens
Ka'dar Hollman,Baltimore Ravens
Marlon Humphrey,Baltimore Ravens
Tyler Huntley,Baltimore Ravens
Adisa Isaac,Baltimore Ravens
Qadir Ismail,Baltimore Ravens
Eddie Jackson,Baltimore Ravens
Lamar Jackson,Baltimore Ravens
Deion Jennings,Baltimore Ravens
Josh Johnson,Baltimore Ravens
Diontae Johnson,Baltimore Ravens
Josh Jones,Baltimore Ravens
Travis Jones,Baltimore Ravens
Sanoussi Kane,Baltimore Ravens
John Kelly,Baltimore Ravens
Anthony Kendall,Baltimore Ravens
Desmond King,Baltimore Ravens
Keith Kirkwood,Baltimore Ravens
Charlie Kolar,Baltimore Ravens
William Kwenkeu,Baltimore Ravens
Devin Leary,Baltimore Ravens
Isaiah Likely,Baltimore Ravens
Tyler Linderbaum,Baltimore Ravens
Nnamdi Madubuike,Baltimore Ravens
Christian Matthew,Baltimore Ravens
Arthur Maulet,Baltimore Ravens
Patrick Mekari,Baltimore Ravens
Anthony Miller,Baltimore Ravens
Keaton Mitchell,Baltimore Ravens
Zaire Mitchell-Paden,Baltimore Ravens
Nick Moore,Baltimore Ravens
Trayvon Mullen,Baltimore Ravens
Yannick Ngakoue,Baltimore Ravens
Adedayo Odeleye,Baltimore Ravens
David Ojabo,Baltimore Ravens
Odafe Oweh,Baltimore Ravens
Michael Pierce,Baltimore Ravens
C.J. Ravenell,Baltimore Ravens
Patrick Ricard,Baltimore Ravens
Tavius Robinson,Baltimore Ravens
Roger Rosengarten,Baltimore Ravens
Josh Ross,Baltimore Ravens
Nick Samac,Baltimore Ravens
Trenton Simpson,Baltimore Ravens
Roquan Smith,Baltimore Ravens
Ronnie Stanley,Baltimore Ravens
Brandon Stephens,Baltimore Ravens
Jordan Stout,Baltimore Ravens
T.J. Tampa,Baltimore Ravens
Justin Tucker,Baltimore Ravens
Josh Tupou,Baltimore Ravens
Brent Urban,Baltimore Ravens
Kyle Van Noy,Baltimore Ravens
Andrew Vorhees,Baltimore Ravens
Dayton Wade,Baltimore Ravens
Devontez Walker,Baltimore Ravens
Tylan Wallace,Baltimore Ravens
Ar'Darius Washington,Baltimore Ravens
Broderick Washington,Baltimore Ravens
Scotty Washington,Baltimore Ravens
Kristian Welch,Baltimore Ravens
Tre'Davious White,Baltimore Ravens
Nate Wiggins,Baltimore Ravens
Marcus Williams,Baltimore Ravens
Damarion Williams,Baltimore Ravens
Chris Wormley,Baltimore Ravens
Owen Wright,Baltimore Ravens
Josh Allen,Buffalo Bills
Alec Anderson,Buffalo Bills
Joe Andreessen,Buffalo Bills
Eli Ankou,Buffalo Bills
Tyler Bass,Buffalo Bills
Christian Benford,Buffalo Bills
Terrel Bernard,Buffalo Bills
Cole Bishop,Buffalo Bills
Ahmarean Brown,Buffalo Bills
Spencer Brown,Buffalo Bills
Shane Buechele,Buffalo Bills
Deon Cain,Buffalo Bills
DeWayne Carter,Buffalo Bills
Lewis Cine,Buffalo Bills
Will Clapp,Buffalo Bills
Travis Clayton,Buffalo Bills
Kameron Cline,Buffalo Bills
Brandon Codrington,Buffalo Bills
Keon Coleman,Buffalo Bills
James Cook,Buffalo Bills
Amari Cooper,Buffalo Bills
Te'Cory Couch,Buffalo Bills
Zach Davidson,Buffalo Bills
Ray Davis,Buffalo Bills
Dion Dawkins,Buffalo Bills
Branson Deen,Buffalo Bills
Rasul Douglas,Buffalo Bills
Tommy Doyle,Buffalo Bills
Mike Edwards,Buffalo Bills
David Edwards,Buffalo Bills
Mike Edwards,Buffalo Bills
Kaiir Elam,Buffalo Bills
A.J. Epenesa,Buffalo Bills
Darrynton Evans,Buffalo Bills
Reid Ferguson,Buffalo Bills
Reggie Gilliam,Buffalo Bills
Frank Gore Jr.,Buffalo Bills
Richard Gouraige,Buffalo Bills
Tylan Grable,Buffalo Bills
KJ Hamler,Buffalo Bills
Damar Hamlin,Buffalo Bills
Daequan Hardy,Buffalo Bills
Lucas Havrisik,Buffalo Bills
Mack Hollins,Buffalo Bills
Micah Hyde,Buffalo Bills
Ja'Marcus Ingram,Buffalo Bills
Kareem Jackson,Buffalo Bills
Quinton Jefferson,Buffalo Bills
Ty Johnson,Buffalo Bills
Austin Johnson,Buffalo Bills
Taron Johnson,Buffalo Bills
Kingsley Jonathan,Buffalo Bills
DaQuan Jones,Buffalo Bills
Dalton Kincaid,Buffalo Bills
Dawson Knox,Buffalo Bills
Cam Lewis,Buffalo Bills
Zion Logue,Buffalo Bills
Sam Martin,Buffalo Bills
Connor McGovern,Buffalo Bills
Matt Milano,Buffalo Bills
Von Miller,Buffalo Bills
Quintin Morris,Buffalo Bills
Nicholas Morrow,Buffalo Bills
Ed Oliver,Buffalo Bills
Jordan Phillips,Buffalo Bills
Taylor Rapp,Buffalo Bills
Greg Rousseau,Buffalo Bills
Curtis Samuel,Buffalo Bills
Khalil Shakir,Buffalo Bills
Tyrell Shavers,Buffalo Bills
Dawuane Smoot,Buffalo Bills
Javon Solomon,Buffalo Bills
Baylon Spector,Buffalo Bills
Casey Toohill,Buffalo Bills
O'Cyrus Torrence,Buffalo Bills
Mitchell Trubisky,Buffalo Bills
Edefuan Ulofoshio,Buffalo Bills
Marquez Valdes-Scantling,Buffalo Bills
Ryan Van Demark,Buffalo Bills
Sedrick Van Pran-Granger,Buffalo Bills
Jalen Virgil,Buffalo Bills
Mike White,Buffalo Bills
Dorian Williams,Buffalo Bills
Popo Aumavae,Carolina Panthers
Emani Bailey,Carolina Panthers
Amare Barno,Carolina Panthers
Shemar Bartholomew,Carolina Panthers
Raheem Blackshear,Carolina Panthers
Mike Boone,Carolina Panthers
Jonathon Brooks,Carolina Panthers
Anthony Brown,Carolina Panthers
Derrick Brown,Carolina Panthers
Deon Cain,Carolina Panthers
Ja'Tyre Carter,Carolina Panthers
Tariq Castro-Fields,Carolina Panthers
Claudin Cherelus,Carolina Panthers
Dan Chisena,Carolina Panthers
Brady Christensen,Carolina Panthers
Jadeveon Clowney,Carolina Panthers
Jalen Coker,Carolina Panthers
Alex Cook,Carolina Panthers
Austin Corbett,Carolina Panthers
Jaden Crumedy,Carolina Panthers
Dominique Dafney,Carolina Panthers
Andy Dalton,Carolina Panthers
Kenny Dyson,Carolina Panthers
Ikem Ekwonu,Carolina Panthers
Akayleb Evans,Carolina Panthers
Caleb Farley,Carolina Panthers
Sam Franklin Jr.,Carolina Panthers
Feleipe Franks,Carolina Panthers
Jordan Fuller,Carolina Panthers
Cam Gill,Carolina Panthers
Shaq Thompson,Carolina Panthers
Justin Hardee,Carolina Panthers
Charles Harris,Carolina Panthers
Jonathan Harris,Carolina Panthers
Marquis Haynes,Carolina Panthers
Azizi Hearn,Carolina Panthers
Johnny Hekker,Carolina Panthers
Troy Hill,Carolina Panthers
Jaycee Horn,Carolina Panthers
Chuba Hubbard,Carolina Panthers
Robert Hunt,Carolina Panthers
Thomas Incoom,Carolina Panthers
Trenton Irwin,Carolina Panthers
Mike Jackson,Carolina Panthers
Dane Jackson,Carolina Panthers
Tarron Jackson,Carolina Panthers
J.J. Jansen,Carolina Panthers
Josey Jewell,Carolina Panthers
Diontae Johnson,Carolina Panthers
Lonnie Johnson,Carolina Panthers
Cam Johnson,Carolina Panthers
Dillon Johnson,Carolina Panthers
DJ Johnson,Carolina Panthers
Velus Jones Jr.,Carolina Panthers
Jarrett Kingston,Carolina Panthers
Shaq Lawson,Carolina Panthers
Xavier Legette,Carolina Panthers
Eku Leota,Carolina Panthers
Damien Lewis,Carolina Panthers
T.J. Luther,Carolina Panthers
Jordan Matthews,Carolina Panthers
Cade Mays,Carolina Panthers
Dax Milne,Carolina Panthers
Jonathan Mingo,Carolina Panthers
Jackson Mitchell,Carolina Panthers
David Moore,Carolina Panthers
Taylor Moton,Carolina Panthers
Yosh Nijman,Carolina Panthers
Praise Olatoke,Carolina Panthers
Jayden Peevy,Carolina Panthers
Sam Pinckney,Carolina Panthers
Eddy Pineiro,Carolina Panthers
Jack Plummer,Carolina Panthers
Shaquille Quarterman,Carolina Panthers
LaBryan Ray,Carolina Panthers
Andrew Raym,Carolina Panthers
Jon Rhattigan,Carolina Panthers
Demani Richardson,Carolina Panthers
Sam Roberts,Carolina Panthers
A'Shawn Robinson,Carolina Panthers
Jammie Robinson,Carolina Panthers
Miles Sanders,Carolina Panthers
Ja'Tavion Sanders,Carolina Panthers
Nick Scott,Carolina Panthers
Jamie Sheriff,Carolina Panthers
T.J. Smith,Carolina Panthers
Chau Smith-Wade,Carolina Panthers
Stephen Sullivan,Carolina Panthers
Messiah Swinson,Carolina Panthers
Adam Thielen,Carolina Panthers
Ian Thomas,Carolina Panthers
Deven Thompkins,Carolina Panthers
Nick Thurman,Carolina Panthers
Tommy Tremble,Carolina Panthers
Shy Tuttle,Carolina Panthers
Trevin Wallace,Carolina Panthers
Brandon Walton,Carolina Panthers
DeShawn Williams,Carolina Panthers
Raequan Williams,Carolina Panthers
Jacoby Windmon,Carolina Panthers
D.J. Wonnum,Carolina Panthers
Xavier Woods,Carolina Panthers
Chandler Wooten,Carolina Panthers
Russ Yeast,Carolina Panthers
Bryce Young,Carolina Panthers
Chandler Zavala,Carolina Panthers
Keenan Allen,Chicago Bears
Kiran Amegadjie,Chicago Bears
Tyson Bagent,Chicago Bears
Micah Baskerville,Chicago Bears
Ryan Bates,Chicago Bears
Travis Bell,Chicago Bears
Theo Benedet,Chicago Bears
Andrew Billings,Chicago Bears
Josh Blackwell,Chicago Bears
Khari Blasingame,Chicago Bears
Austin Booker,Chicago Bears
Larry Borom,Chicago Bears
Jaquan Brisker,Chicago Bears
Kevin Byard,Chicago Bears
Stephen Carlson,Chicago Bears
DeAndre Carter,Chicago Bears
Adrian Colbert,Chicago Bears
Douglas Coleman III,Chicago Bears
Byron Cowart,Chicago Bears
Jake Curhan,Chicago Bears
Scott Daly,Chicago Bears
Nate Davis,Chicago Bears
Gervon Dexter Sr.,Chicago Bears
Tremaine Edmunds,Chicago Bears
T.J. Edwards,Chicago Bears
Darrynton Evans,Chicago Bears
Gerald Everett,Chicago Bears
Demetric Felton,Chicago Bears
Chris Glaser,Chicago Bears
Kyler Gordon,Chicago Bears
Daniel Hardy,Chicago Bears
Khalil Herbert,Chicago Bears
Elijah Hicks,Chicago Bears
Travis Homer,Chicago Bears
John Jackson,Chicago Bears
Teven Jenkins,Chicago Bears
Collin Johnson,Chicago Bears
Jaylon Johnson,Chicago Bears
Roschon Johnson,Chicago Bears
Braxton Jones,Chicago Bears
Carl Jones,Chicago Bears
Jaylon Jones,Chicago Bears
Velus Jones Jr.,Chicago Bears
Cole Kmet,Chicago Bears
Doug Kramer,Chicago Bears
Jamree Kromah,Chicago Bears
Marcedes Lewis,Chicago Bears
Dashaun Mallory,Chicago Bears
Jacob Martin,Chicago Bears
Jake McQuaide,Chicago Bears
DJ Moore,Chicago Bears
Tarvarius Moore,Chicago Bears
Bill Murray,Chicago Bears
Rome Odunze,Chicago Bears
Amen Ogbongbemiga,Chicago Bears
Jonathan Owens,Chicago Bears
Zacch Pickens,Chicago Bears
Austen Pleasants,Chicago Bears
Matt Pryor,Chicago Bears
Teagan Quitoriano,Chicago Bears
Austin Reed,Chicago Bears
Sam Roberts,Chicago Bears
Dominique Robinson,Chicago Bears
Jack Sanborn,Chicago Bears
Cairo Santos,Chicago Bears
Patrick Scales,Chicago Bears
Tyler Scott,Chicago Bears
Noah Sewell,Chicago Bears
Coleman Shelton,Chicago Bears
Terell Smith,Chicago Bears
Ameer Speed,Chicago Bears
Tyrique Stevenson,Chicago Bears
Reddy Steward,Chicago Bears
Ricky Stromberg,Chicago Bears
Montez Sweat,Chicago Bears
Tommy Sweeney,Chicago Bears
D'Andre Swift,Chicago Bears
Darrell Taylor,Chicago Bears
Tory Taylor,Chicago Bears
Ro Torrence,Chicago Bears
Samori Toure,Chicago Bears
DeMarcus Walker,Chicago Bears
Nsimba Webster,Chicago Bears
Ian Wheeler,Chicago Bears
Caleb Williams,Chicago Bears
Chris Williams,Chicago Bears
Joel Wilson,Chicago Bears
JT Woods,Chicago Bears
Darnell Wright,Chicago Bears
Micah Abraham,Cincinnati Bengals
Cal Adomitis,Cincinnati Bengals
Erick All,Cincinnati Bengals
Tycen Anderson,Cincinnati Bengals
Daijahn Anthony,Cincinnati Bengals
Joe Bachie,Cincinnati Bengals
Jordan Battle,Cincinnati Bengals
Vonn Bell,Cincinnati Bengals
Gary Brightwell,Cincinnati Bengals
Nate Brooks,Cincinnati Bengals
Chase Brown,Cincinnati Bengals
Orlando Brown,Cincinnati Bengals
Trent Brown,Cincinnati Bengals
Jake Browning,Cincinnati Bengals
Cole Burgess,Cincinnati Bengals
Joe Burrow,Cincinnati Bengals
Jermaine Burton,Cincinnati Bengals
Alex Cappa,Cincinnati Bengals
Zachary Carter,Cincinnati Bengals
Ja'Marr Chase,Cincinnati Bengals
Devin Cochran,Cincinnati Bengals
Andrew Coker,Cincinnati Bengals
Domenique Davis,Cincinnati Bengals
Jalen Davis,Cincinnati Bengals
Akeem Davis-Gaither,Cincinnati Bengals
Chris Evans,Cincinnati Bengals
Cody Ford,Cincinnati Bengals
Mike Gesicki,Cincinnati Bengals
Cam Grandy,Cincinnati Bengals
Lawrence Guy,Cincinnati Bengals
Trey Hendrickson,Cincinnati Bengals
KJ Henry,Cincinnati Bengals
Khalil Herbert,Cincinnati Bengals
Shaka Heyward,Cincinnati Bengals
Tee Higgins,Cincinnati Bengals
B.J. Hill,Cincinnati Bengals
Daxton Hill,Cincinnati Bengals
Trey Hill,Cincinnati Bengals
Mike Hilton,Cincinnati Bengals
Sam Hubbard,Cincinnati Bengals
Tanner Hudson,Cincinnati Bengals
Andrei Iosivas,Cincinnati Bengals
Trenton Irwin,Cincinnati Bengals
D.J. Ivey,Cincinnati Bengals
McKinnley Jackson,Cincinnati Bengals
Shedrick Jackson,Cincinnati Bengals
Kris Jenkins,Cincinnati Bengals
Cedric Johnson,Cincinnati Bengals
Raymond Johnson III,Cincinnati Bengals
Charlie Jones,Cincinnati Bengals
PJ Jules,Cincinnati Bengals
Ted Karras,Cincinnati Bengals
Jaxson Kirkland,Cincinnati Bengals
Matt Lee,Cincinnati Bengals
Tashawn Manning,Cincinnati Bengals
Tanner McLachlan,Cincinnati Bengals
Evan McPherson,Cincinnati Bengals
Kendall Milton,Cincinnati Bengals
Amarius Mims,Cincinnati Bengals
Zack Moss,Cincinnati Bengals
Myles Murphy,Cincinnati Bengals
Josh Newton,Cincinnati Bengals
Maema Njongmeta,Cincinnati Bengals
Joseph Ossai,Cincinnati Bengals
Germaine Pratt,Cincinnati Bengals
Kendric Pryor,Cincinnati Bengals
Sheldon Rankins,Cincinnati Bengals
Ryan Rehkow,Cincinnati Bengals
Brad Robbins,Cincinnati Bengals
Lance Robinson,Cincinnati Bengals
Justin Rogers,Cincinnati Bengals
Cameron Sample,Cincinnati Bengals
Drew Sample,Cincinnati Bengals
D'Ante Smith,Cincinnati Bengals
Geno Stone,Cincinnati Bengals
Andrew Stueber,Cincinnati Bengals
Cam Taylor-Britt,Cincinnati Bengals
Isaiah Thomas,Cincinnati Bengals
Jay Tufele,Cincinnati Bengals
DJ Turner II,Cincinnati Bengals
Cordell Volson,Cincinnati Bengals
Trayveon Williams,Cincinnati Bengals
Isaiah Williams,Cincinnati Bengals
Logan Wilson,Cincinnati Bengals
Marco Wilson,Cincinnati Bengals
Logan Woodside,Cincinnati Bengals
Cade York,Cincinnati Bengals
Hakeem Adeniji,Cleveland Browns
Jordan Akins,Cleveland Browns
Chigozie Anusiem,Cleveland Browns
Michael Barrett,Cleveland Browns
D'Anthony Bell,Cleveland Browns
David Bell,Cleveland Browns
Joel Bitonio,Cleveland Browns
Corey Bojorquez,Cleveland Browns
Brandon Bouyer-Randle,Cleveland Browns
Jowon Briggs,Cleveland Browns
Gary Brightwell,Cleveland Browns
Tony Brown,Cleveland Browns
Devin Bush,Cleveland Browns
Geron Christian,Cleveland Browns
Nick Chubb,Cleveland Browns
Javion Cohen,Cleveland Browns
Jack Conklin,Cleveland Browns
Amari Cooper,Cleveland Browns
Jaelon Darden,Cleveland Browns
Kaden Davis,Cleveland Browns
Trey Dean III,Cleveland Browns
Grant Delpit,Cleveland Browns
Mohamoud Diabate,Cleveland Browns
Michael Dunn,Cleveland Browns
Michael Dwumfour,Cleveland Browns
Chris Edmonds,Cleveland Browns
Martin Emerson,Cleveland Browns
Tony Fields II,Cleveland Browns
Jerome Ford,Cleveland Browns
Mike Ford,Cleveland Browns
D'Onta Foreman,Cleveland Browns
Royce Freeman,Cleveland Browns
Myles Garrett,Cleveland Browns
Jaelen Gill,Cleveland Browns
Lideatrick Griffin,Cleveland Browns
Sebastian Gutierrez,Cleveland Browns
Kahlef Hailassie,Cleveland Browns
Mike Hall Jr.,Cleveland Browns
Justin Hardee,Cleveland Browns
Myles Harden,Cleveland Browns
Nick Harris,Cleveland Browns
Shelby Harris,Cleveland Browns
Marcus Haynes,Cleveland Browns
Ronnie Hickman Jr.,Cleveland Browns
Jordan Hicks,Cleveland Browns
Nyheim Hines,Cleveland Browns
Dustin Hopkins,Cleveland Browns
James Houston,Cleveland Browns
James Hudson,Cleveland Browns
Khaleke Hudson,Cleveland Browns
Charley Hughlett,Cleveland Browns
Maurice Hurst,Cleveland Browns
Germain Ifedi,Cleveland Browns
Siaki Ika,Cleveland Browns
Quinton Jefferson,Cleveland Browns
Jerry Jeudy,Cleveland Browns
Dawand Jones,Cleveland Browns
Sam Kamara,Cleveland Browns
Cameron Latu,Cleveland Browns
Ricky Lee,Cleveland Browns
Roy Mbaeteka,Cleveland Browns
T.Y. McGill,Cleveland Browns
Isaiah McGuire,Cleveland Browns
Rodney McLeod Jr.,Cleveland Browns
Cameron Mitchell,Cleveland Browns
Elijah Moore,Cleveland Browns
Greg Newsome II,Cleveland Browns
David Njoku,Cleveland Browns
Ogbo Okoronkwo,Cleveland Browns
Jeremiah Owusu-Koramoah,Cleveland Browns
Riley Patterson,Cleveland Browns
Julian Pearl,Cleveland Browns
Ethan Pocic,Cleveland Browns
James Proche,Cleveland Browns
Winston Reid,Cleveland Browns
Elerson G. Smith,Cleveland Browns
Za'Darius Smith,Cleveland Browns
Pierre Strong,Cleveland Browns
Rex Sunahara,Cleveland Browns
Geoff Swaim,Cleveland Browns
Wyatt Teller,Cleveland Browns
Cameron Thomas,Cleveland Browns
Juan Thornhill,Cleveland Browns
Lorenzo Thompson,Cleveland Browns
Dorian Thompson-Robinson,Cleveland Browns
Jamari Thrash,Cleveland Browns
Cedric Tillman,Cleveland Browns
Cameron Tom,Cleveland Browns
Dalvin Tomlinson,Cleveland Browns
Kadarius Toney,Cleveland Browns
Luiji Vilain,Cleveland Browns
Denzel Ward,Cleveland Browns
Deshaun Watson,Cleveland Browns
Nathaniel Watson,Cleveland Browns
Blake Whiteheart,Cleveland Browns
Chase Williams,Cleveland Browns
Jedrick Wills,Cleveland Browns
Jameis Winston,Cleveland Browns
Mike Woods,Cleveland Browns
Alex Wright,Cleveland Browns
Luke Wypler,Cleveland Browns
Bailey Zappe,Cleveland Browns
Zak Zinter,Cleveland Browns
Bryan Anger,Dallas Cowboys
Brandon Aubrey,Dallas Cowboys
Josh Ball,Dallas Cowboys
TJ Bass,Dallas Cowboys
Cooper Beebe,Dallas Cowboys
Markquese Bell,Dallas Cowboys
DaRon Bland,Dallas Cowboys
Andrew Booth,Dallas Cowboys
Earl Bostick Jr.,Dallas Cowboys
Jalen Brooks,Dallas Cowboys
Josh Butler,Dallas Cowboys
Caelen Carson,Dallas Cowboys
Damone Clark,Dallas Cowboys
Dalvin Cook,Dallas Cowboys
Brandin Cooks,Dallas Cowboys
Jalen Moreno-Cropper,Dallas Cowboys
Jalen Dalton,Dallas Cowboys
Malik Davis,Dallas Cowboys
Denzel Daxon,Dallas Cowboys
Dee Delaney,Dallas Cowboys
Trevon Diggs,Dallas Cowboys
Rico Dowdle,Dallas Cowboys
Chuma Edoga,Dallas Cowboys
Ezekiel Elliott,Dallas Cowboys
Princeton Fant,Dallas Cowboys
Jake Ferguson,Dallas Cowboys
Ryan Flournoy,Dallas Cowboys
Chauncey Golston,Dallas Cowboys
C.J. Goodwin,Dallas Cowboys
Will Grier,Dallas Cowboys
Tyler Guyton,Dallas Cowboys
Kemon Hall,Dallas Cowboys
Kelvin Harmon,Dallas Cowboys
Darius Harris,Dallas Cowboys
KJ Henry,Dallas Cowboys
Brock Hoffman,Dallas Cowboys
Malik Hooker,Dallas Cowboys
Phil Hoskins,Dallas Cowboys
Buddy Johnson,Dallas Cowboys
Durrell Johnson,Dallas Cowboys
Emany Johnson,Dallas Cowboys
Linval Joseph,Dallas Cowboys
Eric Kendricks,Dallas Cowboys
Marshawn Kneeland,Dallas Cowboys
CeeDee Lamb,Dallas Cowboys
Trey Lance,Dallas Cowboys
Demarcus Lawrence,Dallas Cowboys
Carl Lawson,Dallas Cowboys
Jourdan Lewis,Dallas Cowboys
Marist Liufau,Dallas Cowboys
Hunter Luepke,Dallas Cowboys
Zack Martin,Dallas Cowboys
Jonathan Mingo,Dallas Cowboys
Brock Mogensen,Dallas Cowboys
Israel Mukuamu,Dallas Cowboys
Osa Odighizuwa,Dallas Cowboys
Amani Oruwariye,Dallas Cowboys
DeMarvion Overshown,Dallas Cowboys
Micah Parsons,Dallas Cowboys
Jordan Phillips,Dallas Cowboys
Dak Prescott,Dallas Cowboys
Troy Pride,Dallas Cowboys
Asim Richards,Dallas Cowboys
Cooper Rush,Dallas Cowboys
Luke Schoonmaker,Dallas Cowboys
Dakoda Shepley,Dallas Cowboys
Trent Sieg,Dallas Cowboys
Mazi Smith,Dallas Cowboys
Tyler Smith,Dallas Cowboys
Brevyn Spann-Ford,Dallas Cowboys
Terence Steele,Dallas Cowboys
John Stephens Jr.,Dallas Cowboys
Juanyeh Thomas,Dallas Cowboys
Nathan Thomas,Dallas Cowboys
Jalen Tolbert,Dallas Cowboys
KaVontae Turpin,Dallas Cowboys
Deuce Vaughn,Dallas Cowboys
Nick Vigil,Dallas Cowboys
Luiji Vilain,Dallas Cowboys
Matt Waletzko,Dallas Cowboys
Carlos Watkins,Dallas Cowboys
Tyrus Wheat,Dallas Cowboys
Donovan Wilson,Dallas Cowboys
Sam Williams,Dallas Cowboys
Seth Williams,Dallas Cowboys
Kris Abrams-Draine,Denver Broncos
Nate Adkins,Denver Broncos
Salvon Ahmed,Denver Broncos
Kwon Alexander,Denver Broncos
Zach Allen,Denver Broncos
Tyler Badie,Denver Broncos
Levelle Bailey,Denver Broncos
Quinn Bailey,Denver Broncos
Michael Bandy,Denver Broncos
Cody Barton,Denver Broncos
Garett Bolles,Denver Broncos
Nik Bonitto,Denver Broncos
Baron Browning,Denver Broncos
Michael Burton,Denver Broncos
K.J. Cloyd,Denver Broncos
Jonathon Cooper,Denver Broncos
Frank Crum,Denver Broncos
Zach Cunningham,Denver Broncos
Kaden Davis,Denver Broncos
Riley Dixon,Denver Broncos
Greg Dulcich,Denver Broncos
Dieter Eiselen,Denver Broncos
Jonah Elliss,Denver Broncos
Audric Estim√©,Denver Broncos
Andrew Farmer,Denver Broncos
Cameron Fleming,Denver Broncos
Alex Forsyth,Denver Broncos
Mitchell Fraboni,Denver Broncos
Troy Franklin,Denver Broncos
John Franklin-Myers,Denver Broncos
Nick Gargiulo,Denver Broncos
Matt Henningsen,Denver Broncos
Lil'Jordan Humphrey,Denver Broncos
Jordan Jackson,Denver Broncos
Brandon Jones,Denver Broncos
D.J. Jones,Denver Broncos
Devon Key,Denver Broncos
Lucas Krull,Denver Broncos
P.J. Locke,Denver Broncos
Wil Lutz,Denver Broncos
Damarri Mathis,Denver Broncos
Tanner McCalister,Denver Broncos
Mike McGlinchey,Denver Broncos
Jaleel McLaughlin,Denver Broncos
Ja'Quan McMillian,Denver Broncos
Quinn Meinerz,Denver Broncos
Jordan Miller,Denver Broncos
Marvin Mims Jr.,Denver Broncos
Riley Moss,Denver Broncos
Quinton Newsome,Denver Broncos
Bo Nix,Denver Broncos
Alex Palczewski,Denver Broncos
Donald Parham,Denver Broncos
Matt Peart,Denver Broncos
Ronnie Perkins,Denver Broncos
A.T. Perry,Denver Broncos
Ben Powers,Denver Broncos
Josh Reynolds,Denver Broncos
Malcolm Roach,Denver Broncos
Drew Sanders,Denver Broncos
Will Sherman,Denver Broncos
David Sills,Denver Broncos
Alex Singleton,Denver Broncos
JL Skinner,Denver Broncos
Keidron Smith,Denver Broncos
Tremon Smith,Denver Broncos
Jarrett Stidham,Denver Broncos
Justin Strnad,Denver Broncos
Pat Surtain II,Denver Broncos
Courtland Sutton,Denver Broncos
Reese Taylor,Denver Broncos
Calvin Throckmorton,Denver Broncos
Dondrea Tillman,Denver Broncos
Adam Trautman,Denver Broncos
Delarrin Turner-Yell,Denver Broncos
Eyioma Uwazurike,Denver Broncos
Devaughn Vele,Denver Broncos
Levi Wallace,Denver Broncos
Blake Watson,Denver Broncos
Luke Wattenberg,Denver Broncos
Kristian Welch,Denver Broncos
Javonte Williams,Denver Broncos
Zach Wilson,Denver Broncos
Thomas Yassmin,Denver Broncos
Jamal Adams,Detroit Lions
Myles Adams,Detroit Lions
Mitchell Agude,Detroit Lions
Kwon Alexander,Detroit Lions
Maurice Alexander,Detroit Lions
Alex Anzalone,Detroit Lions
Terrion Arnold,Detroit Lions
Kayode Awosika,Detroit Lions
David Bada,Detroit Lions
Mike Badgley,Detroit Lions
Derrick Barnes,Detroit Lions
Jake Bates,Detroit Lions
Abraham Beauplan,Detroit Lions
Brian Branch,Detroit Lions
Jack Campbell,Detroit Lions
John Cominsky,Detroit Lions
Marcus Davenport,Detroit Lions
Carlton Davis,Detroit Lions
Taylor Decker,Detroit Lions
Khalil Dorsey,Detroit Lions
Kingsley Eguakun,Detroit Lions
Jack Fox,Detroit Lions
Jake Fromm,Detroit Lions
Connor Galvin,Detroit Lions
Jahmyr Gibbs,Detroit Lions
Cam Gill,Detroit Lions
Graham Glasgow,Detroit Lions
Jared Goff,Detroit Lions
Antoine Green,Detroit Lions
Erick Hallett,Detroit Lions
Hogan Hatten,Detroit Lions
Parker Hesse,Detroit Lions
Hendon Hooker,Detroit Lions
James Houston,Detroit Lions
Aidan Hutchinson,Detroit Lions
Jermar Jefferson,Detroit Lions
Jamarco Jones,Detroit Lions
Brandon Joseph,Detroit Lions
Greg Joseph,Detroit Lions
Kerby Joseph,Detroit Lions
Tom Kennedy,Detroit Lions
Sam LaPorta,Detroit Lions
David Long Jr.,Detroit Lions
Nate Lynn,Detroit Lions
Christian Mahogany,Detroit Lions
Giovanni Manu,Detroit Lions
Brodric Martin,Detroit Lions
Matt McCrane,Detroit Lions
Alim McNeill,Detroit Lions
Ifeatu Melifonwu,Detroit Lions
Kaevon Merriweather,Detroit Lions
James Mitchell,Detroit Lions
David Montgomery,Detroit Lions
Emmanuel Moseley,Detroit Lions
Al-Quadin Muhammad,Detroit Lions
Netane Muti,Detroit Lions
Ben Niemann,Detroit Lions
Michael Niese,Detroit Lions
Morice Norris Jr.,Detroit Lions
Trevor Nowaske,Detroit Lions
Pat O'Connor,Detroit Lions
Levi Onwuzurike,Detroit Lions
Joshua Paschal,Detroit Lions
Tim Patrick,Detroit Lions
Kyle Peko,Detroit Lions
Donovan Peoples-Jones,Detroit Lions
Frank Ragnow,Detroit Lions
Ennis Rakestraw Jr.,Detroit Lions
Kalif Raymond,Detroit Lions
D.J. Reader,Detroit Lions
Jalen Reeves-Maybin,Detroit Lions
Craig Reynolds,Detroit Lions
Amik Robertson,Detroit Lions
Allen Robinson,Detroit Lions
Malcolm Rodriguez,Detroit Lions
Penei Sewell,Detroit Lions
Dan Skipper,Detroit Lions
Chris Smith,Detroit Lions
Tre'Quan Smith,Detroit Lions
Za'Darius Smith,Detroit Lions
Colby Sorsdal,Detroit Lions
Amon-Ra St. Brown,Detroit Lions
Loren Strickland,Detroit Lions
Isaiah Thomas,Detroit Lions
Ezekiel Turner,Detroit Lions
Isaac Ukwu,Detroit Lions
Sione Vaki,Detroit Lions
Kindle Vildor,Detroit Lions
Isaiah Williams,Detroit Lions
Jameson Williams,Detroit Lions
Jonah Williams,Detroit Lions
Mekhi Wingo,Detroit Lions
Brock Wright,Detroit Lions
Kevin Zeitler,Detroit Lions
Shane Zylstra,Detroit Lions
Jaire Alexander,Green Bay Packers
Deslin Alexandre,Green Bay Packers
Zayne Anderson,Green Bay Packers
Corey Ballentine,Green Bay Packers
Michael Barrett,Green Bay Packers
Andrew Beck,Green Bay Packers
Chris Brooks,Green Bay Packers
Karl Brooks,Green Bay Packers
Omar Brown,Green Bay Packers
Javon Bullard,Green Bay Packers
Kenny Clark,Green Bay Packers
Sean Clifford,Green Bay Packers
Edgerrin Cooper,Green Bay Packers
Brenton Cox Jr.,Green Bay Packers
Jamin Davis,Green Bay Packers
LJ Davis,Green Bay Packers
Tyler Davis,Green Bay Packers
Andre Dillard,Green Bay Packers
AJ Dillon,Green Bay Packers
Romeo Doubs,Green Bay Packers
Kingsley Enagbare,Green Bay Packers
James Ester,Green Bay Packers
John FitzPatrick,Green Bay Packers
Jonathan Ford,Green Bay Packers
Rashan Gary,Green Bay Packers
Travis Glover,Green Bay Packers
Ralen Goforth,Green Bay Packers
Kamal Hadden,Green Bay Packers
Alex Hale,Green Bay Packers
Marquis Hayes,Green Bay Packers
Malik Heath,Green Bay Packers
Julian Hicks,Green Bay Packers
Ty'Ron Hopper,Green Bay Packers
Josh Jacobs,Green Bay Packers
Elgton Jenkins,Green Bay Packers
Donovan Jennings,Green Bay Packers
Cornelius Johnson,Green Bay Packers
Mike Jordan,Green Bay Packers
Kalen King,Green Bay Packers
Malik Knowles,Green Bay Packers
Tucker Kraft,Green Bay Packers
MarShawn Lloyd,Green Bay Packers
Jordan Love,Green Bay Packers
Johnny Lumpkin,Green Bay Packers
T.J. Luther,Green Bay Packers
Isaiah McDuffie,Green Bay Packers
Alex McGough,Green Bay Packers
Xavier McKinney,Green Bay Packers
Brandon McManus,Green Bay Packers
Bo Melton,Green Bay Packers
Ellis Merriweather,Green Bay Packers
Jacob Monk,Green Bay Packers
Jordan Morgan,Green Bay Packers
Arron Mosby,Green Bay Packers
Luke Musgrave,Green Bay Packers
Josh Myers,Green Bay Packers
Brayden Narveson,Green Bay Packers
Keisean Nixon,Green Bay Packers
Kitan Oladapo,Green Bay Packers
Matthew Orzech,Green Bay Packers
La'Mical Perine,Green Bay Packers
Jayden Reed,Green Bay Packers
Sean Rhyan,Green Bay Packers
Robert Rochell,Green Bay Packers
Spencer Rolland,Green Bay Packers
Chris Russell,Green Bay Packers
Ben Sims,Green Bay Packers
Tedarrell Slaton,Green Bay Packers
Lecitus Smith,Green Bay Packers
Preston Smith,Green Bay Packers
Eric Stokes,Green Bay Packers
Messiah Swinson,Green Bay Packers
Kadeem Telfort,Green Bay Packers
Zach Tom,Green Bay Packers
Carrington Valentine,Green Bay Packers
Lukas Van Ness,Green Bay Packers
Quay Walker,Green Bay Packers
Rasheed Walker,Green Bay Packers
Christian Watson,Green Bay Packers
Jalen Wayne,Green Bay Packers
Daniel Whelan,Green Bay Packers
Dontayvion Wicks,Green Bay Packers
Evan Williams,Green Bay Packers
Malik Willis,Green Bay Packers
Emanuel Wilson,Green Bay Packers
Eric Wilson,Green Bay Packers
Colby Wooden,Green Bay Packers
Devonte Wyatt,Green Bay Packers
Cam Akers,Houston Texans
Azeez Al-Shaair,Houston Texans
Tremayne Anchrum,Houston Texans
Will Anderson Jr.,Houston Texans
Denico Autry,Houston Texans
Derek Barnett,Houston Texans
Andrew Beck,Houston Texans
Kris Boyd,Houston Texans
Shaun Bradley,Houston Texans
Nick Broeker,Houston Texans
British Brooks,Houston Texans
Myles Bryant,Houston Texans
Calen Bullock,Houston Texans
Solomon Byrd,Houston Texans
Nico Collins,Houston Texans
Braeden Daniels,Houston Texans
Khalil Davis,Houston Texans
Tank Dell,Houston Texans
Stefon Diggs,Houston Texans
Mario Edwards,Houston Texans
Cameron Erving,Houston Texans
Ka'imi Fairbairn,Houston Texans
Foley Fatukasi,Houston Texans
Blake Fisher,Houston Texans
Cole Fotheringham,Houston Texans
Kendrick Green,Houston Texans
Kenyon Green,Houston Texans
Troy Hairston,Houston Texans
Arlington Hambright,Houston Texans
Jake Hansen,Houston Texans
Christian Harris,Houston Texans
Marcus Harris,Houston Texans
LaDarius Henderson,Houston Texans
Neville Hewitt,Houston Texans
Brandon Hill,Houston Texans
Jamal Hill,Houston Texans
Kurt Hinish,Houston Texans
Ka'dar Hollman,Houston Texans
Dylan Horton,Houston Texans
Tytus Howard,Houston Texans
Jerry Hughes,Houston Texans
Danielle Hunter,Houston Texans
Xavier Hutchinson,Houston Texans
Xavier Johnson,Houston Texans
Johnny Johnson III,Houston Texans
Brevin Jordan,Houston Texans
Jawhar Jordan,Houston Texans
Gregory Junior,Houston Texans
Dalton Keene,Houston Texans
Case Keenum,Houston Texans
Desmond King,Houston Texans
Kamari Lassiter,Houston Texans
Shaq Mason,Houston Texans
John Metchie III,Houston Texans
Davis Mills,Houston Texans
Joe Mixon,Houston Texans
Eric Murray,Houston Texans
Chris Myarick,Houston Texans
Dare Ogunbowale,Houston Texans
Jeff Okudah,Houston Texans
Jarrett Patterson,Houston Texans
Jayden Peevy,Houston Texans
Mark Perry,Houston Texans
Del'Shawn Phillips,Houston Texans
Dameon Pierce,Houston Texans
Jalen Pitre,Houston Texans
Troy Pride,Houston Texans
Scott Quessenberry,Houston Texans
Teagan Quitoriano,Houston Texans
D'Angelo Ross,Houston Texans
Dalton Schultz,Houston Texans
Juice Scruggs,Houston Texans
Tim Settle,Houston Texans
David Sharpe,Houston Texans
Steven Sims,Houston Texans
Kedon Slovis,Houston Texans
Irv Smith,Houston Texans
M.J. Stewart,Houston Texans
Derek Stingley Jr.,Houston Texans
Cade Stover,Houston Texans
C.J. Stroud,Houston Texans
J.J. Taylor,Houston Texans
Jaylon Thomas,Houston Texans
Zach Thomas,Houston Texans
Tommy Togiai,Houston Texans
Maxwell Tooley,Houston Texans
Henry To'oTo'o,Houston Texans
Tommy Townsend,Houston Texans
Laremy Tunsil,Houston Texans
Ezekiel Turner,Houston Texans
Jimmie Ward,Houston Texans
Jared Wayne,Houston Texans
Rashad Weaver,Houston Texans
Jon Weeks,Houston Texans
Devin White,Houston Texans
Robert Woods,Houston Texans
Russ Yeast,Houston Texans
Kilian Zierer,Houston Texans
Adetomiwa Adebawore,Indianapolis Colts
McTelvin Agim,Indianapolis Colts
Salvon Ahmed,Indianapolis Colts
Austin Ajiake,Indianapolis Colts
Mo Alie-Cox,Indianapolis Colts
Liam Anderson,Indianapolis Colts
Genard Avery,Indianapolis Colts
Jason Bean,Indianapolis Colts
Julian Blackmon,Indianapolis Colts
Tanor Bortolini,Indianapolis Colts
Julius Brents,Indianapolis Colts
Josiah Bronson,Indianapolis Colts
Mason Brooks,Indianapolis Colts
Taven Bryan,Indianapolis Colts
DeForest Buckner,Indianapolis Colts
Jaylon Carlies,Indianapolis Colts
Ryan Coll,Indianapolis Colts
Nick Cross,Indianapolis Colts
Marcel Dabo,Indianapolis Colts
Raekwon Davis,Indianapolis Colts
Trevor Denbow,Indianapolis Colts
Josh Downs,Indianapolis Colts
Ashton Dulin,Indianapolis Colts
Samson Ebukam,Indianapolis Colts
Sam Ehlinger,Indianapolis Colts
Ethan Fernea,Indianapolis Colts
Joe Flacco,Indianapolis Colts
Tre Flowers,Indianapolis Colts
Dallis Flowers,Indianapolis Colts
Zaire Franklin,Indianapolis Colts
Blake Freeland,Indianapolis Colts
Wesley French,Indianapolis Colts
Will Fries,Indianapolis Colts
Matt Gay,Indianapolis Colts
Mark Glowinski,Indianapolis Colts
Matt Goncalves,Indianapolis Colts
Tyler Goodson,Indianapolis Colts
Adam Gotsis,Indianapolis Colts
Anthony Gould,Indianapolis Colts
Kylen Granson,Indianapolis Colts
Sebastian Gutierrez,Indianapolis Colts
Darren Hall,Indianapolis Colts
Ronnie Harrison,Indianapolis Colts
Trysten Hill,Indianapolis Colts
Evan Hull,Indianapolis Colts
Alex Johnson,Indianapolis Colts
Jaylon Jones,Indianapolis Colts
Kelvin Joseph,Indianapolis Colts
Gregory Junior,Indianapolis Colts
Ryan Kelly,Indianapolis Colts
Chris Lammons,Indianapolis Colts
Isaiah Land,Indianapolis Colts
Laiatu Latu,Indianapolis Colts
Titus Leo,Indianapolis Colts
Tyquan Lewis,Indianapolis Colts
David Long,Indianapolis Colts
Atonio Mafi,Indianapolis Colts
Will Mallory,Indianapolis Colts
Cameron McGrone,Indianapolis Colts
Sean McKeon,Indianapolis Colts
Adonai Mitchell,Indianapolis Colts
D.J. Montgomery,Indianapolis Colts
Kenny Moore II,Indianapolis Colts
Durell Nchami,Indianapolis Colts
Quenton Nelson,Indianapolis Colts
Dayo Odeyingbo,Indianapolis Colts
Andrew Ogletree,Indianapolis Colts
Segun Olubi,Indianapolis Colts
Kwity Paye,Indianapolis Colts
Pheldarius Payne,Indianapolis Colts
Trent Pennix,Indianapolis Colts
Alec Pierce,Indianapolis Colts
Danny Pinter,Indianapolis Colts
Michael Pittman,Indianapolis Colts
Bernhard Raimann,Indianapolis Colts
Luke Rhodes,Indianapolis Colts
Anthony Richardson,Indianapolis Colts
Derek Rivers,Indianapolis Colts
Rigoberto Sanchez,Indianapolis Colts
Daniel Scott,Indianapolis Colts
Trey Sermon,Indianapolis Colts
Spencer Shrader,Indianapolis Colts
Josh Sills,Indianapolis Colts
Jaylin Simpson,Indianapolis Colts
Braden Smith,Indianapolis Colts
Ameer Speed,Indianapolis Colts
E.J. Speed,Indianapolis Colts
Grover Stewart,Indianapolis Colts
Grant Stuard,Indianapolis Colts
Jonathan Taylor,Indianapolis Colts
Rodney Thomas,Indianapolis Colts
Laquon Treadwell,Indianapolis Colts
Dalton Tucker,Indianapolis Colts
Jack Wilson,Indianapolis Colts
Juwann Winfree,Indianapolis Colts
Samuel Womack,Indianapolis Colts
Jelani Woods,Indianapolis Colts
Yasir Abdullah,Jacksonville Jaguars
Tucker Addington,Jacksonville Jaguars
Josh Hines-Allen,Jacksonville Jaguars
Arik Armstead,Jacksonville Jaguars
C.J. Beathard,Jacksonville Jaguars
Tank Bigsby,Jacksonville Jaguars
Peter Bowden,Jacksonville Jaguars
Shawn Bowman,Jacksonville Jaguars
Christian Braswell,Jacksonville Jaguars
Montaric Brown,Jacksonville Jaguars
Tyson Campbell,Jacksonville Jaguars
Jerome Carvin,Jacksonville Jaguars
Joshua Cephus,Jacksonville Jaguars
Andre Chachere,Jacksonville Jaguars
Andre Cisco,Jacksonville Jaguars
Ezra Cleveland,Jacksonville Jaguars
Myles Cole,Jacksonville Jaguars
DJ Coleman,Jacksonville Jaguars
Logan Cooke,Jacksonville Jaguars
Elijah Cooks,Jacksonville Jaguars
Dennis Daley,Jacksonville Jaguars
Ronald Darby,Jacksonville Jaguars
Gabe Davis,Jacksonville Jaguars
Josiah Deguara,Jacksonville Jaguars
De'Shaan Dixon,Jacksonville Jaguars
Devin Duvernay,Jacksonville Jaguars
Terrell Edmunds,Jacksonville Jaguars
Dieter Eiselen,Jacksonville Jaguars
Evan Engram,Jacksonville Jaguars
Travis Etienne,Jacksonville Jaguars
Luke Farrell,Jacksonville Jaguars
Tre Flowers,Jacksonville Jaguars
Luke Fortner,Jacksonville Jaguars
Javon Foster,Jacksonville Jaguars
Jake Funk,Jacksonville Jaguars
Myles Gaskin,Jacksonville Jaguars
Joe Gaziano,Jacksonville Jaguars
Tashaun Gipson,Jacksonville Jaguars
Matt Haack,Jacksonville Jaguars
Tyler Hall,Jacksonville Jaguars
DaVon Hamilton,Jacksonville Jaguars
Blake Hance,Jacksonville Jaguars
Anton Harrison,Jacksonville Jaguars
Cooper Hodges,Jacksonville Jaguars
Jalen Jackson,Jacksonville Jaguars
Matthew Jackson,Jacksonville Jaguars
Jordan Jefferson,Jacksonville Jaguars
Antonio Johnson,Jacksonville Jaguars
Caleb Johnson,Jacksonville Jaguars
D'Ernest Johnson,Jacksonville Jaguars
Jarrian Jones,Jacksonville Jaguars
Mac Jones,Jacksonville Jaguars
Steven Jones,Jacksonville Jaguars
Tim Jones,Jacksonville Jaguars
Velus Jones Jr.,Jacksonville Jaguars
Christian Kirk,Jacksonville Jaguars
Tyler Lacy,Jacksonville Jaguars
Trevor Lawrence,Jacksonville Jaguars
Jeremiah Ledbetter,Jacksonville Jaguars
Cam Little,Jacksonville Jaguars
Walker Little,Jacksonville Jaguars
Devin Lloyd,Jacksonville Jaguars
Ross Matiscik,Jacksonville Jaguars
Zech McPhearson,Jacksonville Jaguars
Ventrell Miller,Jacksonville Jaguars
Mitch Morse,Jacksonville Jaguars
Chad Muma,Jacksonville Jaguars
Patrick Murtagh,Jacksonville Jaguars
Tanner Muse,Jacksonville Jaguars
Foye Oluokun,Jacksonville Jaguars
Esezi Otomewo,Jacksonville Jaguars
Anthony Pittman,Jacksonville Jaguars
Deantre Prince,Jacksonville Jaguars
Louis Rees-Zammit,Jacksonville Jaguars
Josh Reynolds,Jacksonville Jaguars
John Rhys Plumlee,Jacksonville Jaguars
Roy Robertson-Harris,Jacksonville Jaguars
Cam Robinson,Jacksonville Jaguars
Keilan Robinson,Jacksonville Jaguars
Darnell Savage,Jacksonville Jaguars
Brandon Scherff,Jacksonville Jaguars
Tyler Shatley,Jacksonville Jaguars
Maason Smith,Jacksonville Jaguars
Brenton Strange,Jacksonville Jaguars
Daniel Thomas,Jacksonville Jaguars
Brian Thomas Jr.,Jacksonville Jaguars
Austin Trammell,Jacksonville Jaguars
Cole Van Lanen,Jacksonville Jaguars
Travon Walker,Jacksonville Jaguars
Parker Washington,Jacksonville Jaguars
David White Jr.,Jacksonville Jaguars
Andrew Wingard,Jacksonville Jaguars
John Wolford,Jacksonville Jaguars
Felix Anudike-Uzomah,Kansas City Chiefs
Matt Araiza,Kansas City Chiefs
Emani Bailey,Kansas City Chiefs
Nick Bolton,Kansas City Chiefs
Swayze Bozeman,Kansas City Chiefs
Marquise Brown,Kansas City Chiefs
Deon Bush,Kansas City Chiefs
Harrison Butker,Kansas City Chiefs
Mike Caliendo,Kansas City Chiefs
Leo Chenal,Kansas City Chiefs
Cole Christiansen,Kansas City Chiefs
Jack Cochrane,Kansas City Chiefs
Chamarri Conner,Kansas City Chiefs
Bryan Cook,Kansas City Chiefs
Baylor Cupp,Kansas City Chiefs
Michael Danna,Kansas City Chiefs
Ethan Driskell,Kansas City Chiefs
Clyde Edwards-Helaire,Kansas City Chiefs
Anthony Firkser,Kansas City Chiefs
Joseph Fortson,Kansas City Chiefs
Chukwuebuka Godrick,Kansas City Chiefs
Noah Gray,Kansas City Chiefs
C.J. Hanson,Kansas City Chiefs
Mecole Hardman,Kansas City Chiefs
Peyton Hendershot,Kansas City Chiefs
Malik Herring,Kansas City Chiefs
Jaden Hicks,Kansas City Chiefs
DeAndre Hopkins,Kansas City Chiefs
Creed Humphrey,Kansas City Chiefs
D.J. Humphries,Kansas City Chiefs
Kareem Hunt,Kansas City Chiefs
Keaontay Ingram,Kansas City Chiefs
Nazeeh Johnson,Kansas City Chiefs
Cam Jones,Kansas City Chiefs
Chris Jones,Kansas City Chiefs
Nic Jones,Kansas City Chiefs
Truman Jones,Kansas City Chiefs
George Karlaftis,Kansas City Chiefs
Travis Kelce,Kansas City Chiefs
Fabien Lovett Sr.,Kansas City Chiefs
Patrick Mahomes,Kansas City Chiefs
Trent McDuffie,Kansas City Chiefs
McKade Mettauer,Kansas City Chiefs
Skyy Moore,Kansas City Chiefs
Wanya Morris,Kansas City Chiefs
Steven Nelson,Kansas City Chiefs
Lucas Niang,Kansas City Chiefs
Derrick Nnadi,Kansas City Chiefs
Hunter Nourzad,Kansas City Chiefs
Chris Oladokun,Kansas City Chiefs
Charles Omenihu,Kansas City Chiefs
Isiah Pacheco,Kansas City Chiefs
Mike Pennel,Kansas City Chiefs
Samaje Perine,Kansas City Chiefs
Cornell Powell,Kansas City Chiefs
Justin Reid,Kansas City Chiefs
Nikko Remigio,Kansas City Chiefs
Rashee Rice,Kansas City Chiefs
Christian Roland-Wallace,Kansas City Chiefs
Justyn Ross,Kansas City Chiefs
Darius Rush,Kansas City Chiefs
Eric Scott Jr.,Kansas City Chiefs
Spencer Shrader,Kansas City Chiefs
Trey Smith,Kansas City Chiefs
JuJu Smith-Schuster,Kansas City Chiefs
Carson Steele,Kansas City Chiefs
Kingsley Suamataia,Kansas City Chiefs
Jawaan Taylor,Kansas City Chiefs
Keith Taylor,Kansas City Chiefs
Cameron Thomas,Kansas City Chiefs
BJ Thompson,Kansas City Chiefs
Tyquan Thornton,Kansas City Chiefs
Joe Thuney,Kansas City Chiefs
Drue Tranquill,Kansas City Chiefs
Marlon Tuipulotu,Kansas City Chiefs
Joshua Uche,Kansas City Chiefs
Montrell Washington,Kansas City Chiefs
Jaylen Watson,Kansas City Chiefs
Justin Watson,Kansas City Chiefs
Carson Wentz,Kansas City Chiefs
Tershawn Wharton,Kansas City Chiefs
Jared Wiley,Kansas City Chiefs
Joshua Williams,Kansas City Chiefs
James Winchester,Kansas City Chiefs
Xavier Worthy,Kansas City Chiefs
Matthew Wright,Kansas City Chiefs
Bailey Zappe,Kansas City Chiefs
Ameer Abdullah,Las Vegas Raiders
Davante Adams,Las Vegas Raiders
David Agoha,Las Vegas Raiders
Gottlieb Ayedze,Las Vegas Raiders
Alex Bachman,Las Vegas Raiders
Jakorian Bennett,Las Vegas Raiders
Jacob Bobenmoyer,Las Vegas Raiders
Brock Bowers,Las Vegas Raiders
Carter Bradley,Las Vegas Raiders
Ben Brown,Las Vegas Raiders
Harrison Bryant,Las Vegas Raiders
Amari Burney,Las Vegas Raiders
Adam Butler,Las Vegas Raiders
Matthew Butler,Las Vegas Raiders
Daniel Carlson,Las Vegas Raiders
Zachary Carter,Las Vegas Raiders
K'Lavon Chaisson,Las Vegas Raiders
AJ Cole,Las Vegas Raiders
Chris Collier,Las Vegas Raiders
Maxx Crosby,Las Vegas Raiders
Divine Deablo,Las Vegas Raiders
MJ Devonshire,Las Vegas Raiders
Tommy Eichenberg,Las Vegas Raiders
Marcus Epps,Las Vegas Raiders
Jeff Foreman,Las Vegas Raiders
Cole Fotheringham,Las Vegas Raiders
Tomari Fox,Las Vegas Raiders
Amari Gainer,Las Vegas Raiders
DJ Glaze,Las Vegas Raiders
Jalen Guyton,Las Vegas Raiders
Thomas Harper,Las Vegas Raiders
Nate Hobbs,Las Vegas Raiders
Darnay Holmes,Las Vegas Raiders
Keenan Isaac,Las Vegas Raiders
Shedrick Jackson,Las Vegas Raiders
Andre James,Las Vegas Raiders
John Jenkins,Las Vegas Raiders
Jake Johanning,Las Vegas Raiders
Jack Jones,Las Vegas Raiders
Kyu Kelly,Las Vegas Raiders
Ramel Keyton,Las Vegas Raiders
Malcolm Koonce,Las Vegas Raiders
Dylan Laube,Las Vegas Raiders
Jonah Laulu,Las Vegas Raiders
Jake Luton,Las Vegas Raiders
Blake Lynch,Las Vegas Raiders
Tyler Manoa,Las Vegas Raiders
Terrace Marshall Jr.,Las Vegas Raiders
Luke Masterson,Las Vegas Raiders
Alexander Mattison,Las Vegas Raiders
Kana'i Mauga,Las Vegas Raiders
Michael Mayer,Las Vegas Raiders
Tyreik McAllister,Las Vegas Raiders
Marquan McCall,Las Vegas Raiders
Sincere McCormick,Las Vegas Raiders
Jordan Meredith,Las Vegas Raiders
Jakobi Meyers,Las Vegas Raiders
Kolton Miller,Las Vegas Raiders
Gardner Minshew,Las Vegas Raiders
Tre'von Moehrig,Las Vegas Raiders
Thayer Munford Jr.,Las Vegas Raiders
Aidan O'Connell,Las Vegas Raiders
Dylan Parham,Las Vegas Raiders
Andrus Peat,Las Vegas Raiders
Isaiah Pola-Mao,Las Vegas Raiders
Jackson Powers-Johnson,Las Vegas Raiders
Will Putnam,Las Vegas Raiders
Decamerion Richardson,Las Vegas Raiders
Desmond Ridder,Las Vegas Raiders
Janarius Robinson,Las Vegas Raiders
Phalen Sanford,Las Vegas Raiders
John Shenker,Las Vegas Raiders
Justin Shorter,Las Vegas Raiders
Nesta Jade Silvera,Las Vegas Raiders
Brandon Smith,Las Vegas Raiders
Chris Smith II,Las Vegas Raiders
Charles Snowden,Las Vegas Raiders
Robert Spillane,Las Vegas Raiders
Trey Taylor,Las Vegas Raiders
Tre Tucker,Las Vegas Raiders
DJ Turner,Las Vegas Raiders
Dalton Wagner,Las Vegas Raiders
Sam Webb,Las Vegas Raiders
Trevon Wesco,Las Vegas Raiders
Zamir White,Las Vegas Raiders
Cody Whitehair,Las Vegas Raiders
Kristian Wilkerson,Las Vegas Raiders
Christian Wilkins,Las Vegas Raiders
Tyree Wilson,Las Vegas Raiders
Joe Alt,Los Angeles Chargers
Eli Apple,Los Angeles Chargers
Karsen Barnhart,Los Angeles Chargers
Luke Benson,Los Angeles Chargers
Dicaprio Bootle,Los Angeles Chargers
Joey Bosa,Los Angeles Chargers
Bradley Bozeman,Los Angeles Chargers
McCallan Castles,Los Angeles Chargers
DJ Chark,Los Angeles Chargers
Chris Collins,Los Angeles Chargers
Junior Colson,Los Angeles Chargers
Braeden Daniels,Los Angeles Chargers
Derius Davis,Los Angeles Chargers
Cameron Dicker,Los Angeles Chargers
Will Dissly,Los Angeles Chargers
J.K. Dobbins,Los Angeles Chargers
Bud Dupree,Los Angeles Chargers
Troy Dye,Los Angeles Chargers
Justin Eboigbe,Los Angeles Chargers
Gus Edwards,Los Angeles Chargers
Simi Fehoko,Los Angeles Chargers
AJ Finley,Los Angeles Chargers
Tucker Fisk,Los Angeles Chargers
Dez Fitzpatrick,Los Angeles Chargers
Poona Ford,Los Angeles Chargers
Morgan Fox,Los Angeles Chargers
Kristian Fulton,Los Angeles Chargers
Alohi Gilman,Los Angeles Chargers
Josh Harris,Los Angeles Chargers
Cam Hart,Los Angeles Chargers
Hassan Haskins,Los Angeles Chargers
Taylor Heinicke,Los Angeles Chargers
Daiyan Henley,Los Angeles Chargers
Justin Herbert,Los Angeles Chargers
Christopher Hinton,Los Angeles Chargers
Hayden Hurst,Los Angeles Chargers
Brenden Jaimes,Los Angeles Chargers
Derwin James,Los Angeles Chargers
Jeremiah Jean-Baptiste,Los Angeles Chargers
Tony Jefferson,Los Angeles Chargers
Emany Johnson,Los Angeles Chargers
Jaylen Johnson,Los Angeles Chargers
Zion Johnson,Los Angeles Chargers
Quentin Johnston,Los Angeles Chargers
John Kelly,Los Angeles Chargers
Alex Leatherwood,Los Angeles Chargers
Deane Leonard,Los Angeles Chargers
Blake Lynch,Los Angeles Chargers
Khalil Mack,Los Angeles Chargers
Scott Matlock,Los Angeles Chargers
Marcus Maye,Los Angeles Chargers
Ladd McConkey,Los Angeles Chargers
Jordan McFadden,Los Angeles Chargers
Tyler McLellan,Los Angeles Chargers
Elijah Molden,Los Angeles Chargers
Tre'Monon Morris-Brash,Los Angeles Chargers
Caleb Murphy,Los Angeles Chargers
Sam Mustipher,Los Angeles Chargers
Nick Niemann,Los Angeles Chargers
Otito Ogbonnia,Los Angeles Chargers
Basil Okoye,Los Angeles Chargers
Josh Palmer,Los Angeles Chargers
Jaret Patterson,Los Angeles Chargers
Denzel Perryman,Los Angeles Chargers
Trey Pipkins,Los Angeles Chargers
Shaquille Quarterman,Los Angeles Chargers
Jalen Reagor,Los Angeles Chargers
Brenden Rice,Los Angeles Chargers
Chris Rumph II,Los Angeles Chargers
Jamaree Salyer,Los Angeles Chargers
Asante Samuel Jr.,Los Angeles Chargers
Foster Sarell,Los Angeles Chargers
J.K. Scott,Los Angeles Chargers
Nehemiah Shelton,Los Angeles Chargers
Laviska Shenault Jr.,Los Angeles Chargers
Rashawn Slater,Los Angeles Chargers
Stone Smartt,Los Angeles Chargers
Tarheeb Still,Los Angeles Chargers
Easton Stick,Los Angeles Chargers
Teair Tart,Los Angeles Chargers
Ja'Sir Taylor,Los Angeles Chargers
Eric Tomlinson,Los Angeles Chargers
Tuli Tuipulotu,Los Angeles Chargers
Kimani Vidal,Los Angeles Chargers
Shaun Wade,Los Angeles Chargers
Bucky Williams,Los Angeles Chargers
Kendall Williamson,Los Angeles Chargers
Davis Allen,Los Angeles Rams
A.J. Arcuri,Los Angeles Rams
Tutu Atwell,Los Angeles Rams
Steve Avila,Los Angeles Rams
Stetson Bennett,Los Angeles Rams
Tanner Brown,Los Angeles Rams
Bobby Brown III,Los Angeles Rams
Logan Bruss,Los Angeles Rams
Quintez Cephus,Los Angeles Rams
Geron Christian,Los Angeles Rams
Blake Corum,Los Angeles Rams
Kam Curl,Los Angeles Rams
Tyler Davis,Los Angeles Rams
Justin Dedich,Los Angeles Rams
Kevin Dotson,Los Angeles Rams
Cobie Durant,Los Angeles Rams
Cory Durden,Los Angeles Rams
Ethan Evans,Los Angeles Rams
Tony Fields II,Los Angeles Rams
Braden Fiske,Los Angeles Rams
Emmanuel Forbes,Los Angeles Rams
Miller Forristall,Los Angeles Rams
Neville Gallimore,Los Angeles Rams
Jimmy Garoppolo,Los Angeles Rams
A.J. Green,Los Angeles Rams
Nick Hampton,Los Angeles Rams
Rob Havenstein,Los Angeles Rams
Jack Heflin,Los Angeles Rams
Tyler Higbee,Los Angeles Rams
Tre Tomlinson,Los Angeles Rams
Michael Hoecht,Los Angeles Rams
Jacob Hummel,Los Angeles Rams
Tanner Ingle,Los Angeles Rams
Alaric Jackson,Los Angeles Rams
Brennan Jackson,Los Angeles Rams
Jonah Jackson,Los Angeles Rams
Desjuan Johnson,Los Angeles Rams
John Johnson,Los Angeles Rams
Quindell Johnson,Los Angeles Rams
Tyler Johnson,Los Angeles Rams
Shaun Jolly,Los Angeles Rams
Nikola Kalinic,Los Angeles Rams
Joshua Karty,Los Angeles Rams
Derion Kendrick,Los Angeles Rams
Kamren Kinchens,Los Angeles Rams
Cooper Kupp,Los Angeles Rams
Quentin Lake,Los Angeles Rams
Cam Lampkin,Los Angeles Rams
Blake Larson,Los Angeles Rams
KT Leveston,Los Angeles Rams
Beaux Limmer,Los Angeles Rams
Hunter Long,Los Angeles Rams
Mike Mcallister,Los Angeles Rams
Warren McClendon Jr.,Los Angeles Rams
Jaylen McCollough,Los Angeles Rams
Conor McDermott,Los Angeles Rams
Dylan McMahon,Los Angeles Rams
Larrell Murchison,Los Angeles Rams
Puka Nacua,Los Angeles Rams
Elias Neal,Los Angeles Rams
Joe Noteboom,Los Angeles Rams
Ty Nsekhe,Los Angeles Rams
David Olajiga,Los Angeles Rams
Colby Parkinson,Los Angeles Rams
Troy Reeder,Los Angeles Rams
Ronnie Rivers,Los Angeles Rams
Demarcus Robinson,Los Angeles Rams
Christian Rozeboom,Los Angeles Rams
Ryan Sanborn,Los Angeles Rams
Cody Schrader,Los Angeles Rams
Xavier Smith,Los Angeles Rams
Omar Speights,Los Angeles Rams
Matthew Stafford,Los Angeles Rams
Drake Stoops,Los Angeles Rams
Kevin Strong,Los Angeles Rams
Jason Taylor II,Los Angeles Rams
Keir Thomas,Los Angeles Rams
Kobie Turner,Los Angeles Rams
Zach VanValkenburg,Los Angeles Rams
Jared Verse,Los Angeles Rams
Josh Wallace,Los Angeles Rams
Alex Ward,Los Angeles Rams
Tre'Davious White,Los Angeles Rams
Jordan Whittington,Los Angeles Rams
Sam Wiglusz,Los Angeles Rams
Darious Williams,Los Angeles Rams
Jonah Williams,Los Angeles Rams
Kyren Williams,Los Angeles Rams
Ahkello Witherspoon,Los Angeles Rams
Charles Woods,Los Angeles Rams
Russ Yeast,Los Angeles Rams
Byron Young,Los Angeles Rams
Ty Zentner,Los Angeles Rams
De'Von Achane,Miami Dolphins
Tucker Addington,Miami Dolphins
Robbie Chosen,Miami Dolphins
Terron Armstead,Miami Dolphins
Jake Bailey,Miami Dolphins
C.J. Beathard,Miami Dolphins
Odell Beckham Jr.,Miami Dolphins
Quinton Bell,Miami Dolphins
Braxton Berrios,Miami Dolphins
Tarik Black,Miami Dolphins
Ethan Bonner,Miami Dolphins
Tyus Bowser,Miami Dolphins
Tim Boyle,Miami Dolphins
Will Bradley-King,Miami Dolphins
Aaron Brewer,Miami Dolphins
Jordyn Brooks,Miami Dolphins
Cameron Brown,Miami Dolphins
Shakel Brown,Miami Dolphins
Calais Campbell,Miami Dolphins
Elijah Campbell,Miami Dolphins
Jackson Carman,Miami Dolphins
Bradley Chubb,Miami Dolphins
Jordan Colbert,Miami Dolphins
Tanner Conner,Miami Dolphins
Lester Cotton,Miami Dolphins
River Cracraft,Miami Dolphins
Matt Dickerson,Miami Dolphins
Tyrel Dodson,Miami Dolphins
Grant DuBose,Miami Dolphins
Storm Duck,Miami Dolphins
Liam Eichenberg,Miami Dolphins
Dee Eskridge,Miami Dolphins
Erik Ezukanma,Miami Dolphins
Neil Farrell,Miami Dolphins
Blake Ferguson,Miami Dolphins
Kendall Fuller,Miami Dolphins
Cameron Goode,Miami Dolphins
Da'Shawn Hand,Miami Dolphins
Anderson Hardy,Miami Dolphins
Jonathan Harris,Miami Dolphins
Ryan Hayes,Miami Dolphins
Julian Hill,Miami Dolphins
Tyreek Hill,Miami Dolphins
Chasen Hines,Miami Dolphins
Jevon Holland,Miami Dolphins
Tyler Huntley,Miami Dolphins
Alec Ingold,Miami Dolphins
Austin Jackson,Miami Dolphins
Dequan Jackson,Miami Dolphins
Isaiah Johnson,Miami Dolphins
Benito Jones,Miami Dolphins
Naquan Jones,Miami Dolphins
Robert Jones,Miami Dolphins
Mohamed Kamara,Miami Dolphins
Kader Kohou,Miami Dolphins
Kendall Lamm,Miami Dolphins
David Long Jr.,Miami Dolphins
Jason Maitre,Miami Dolphins
Bayron Matos,Miami Dolphins
Marcus Maye,Miami Dolphins
Derrick McLendon,Miami Dolphins
Patrick McMorris,Miami Dolphins
Andrew Meyer,Miami Dolphins
Raheem Mostert,Miami Dolphins
Grayson Murphy,Miami Dolphins
Siran Neal,Miami Dolphins
Nik Needham,Miami Dolphins
Emmanuel Ogbah,Miami Dolphins
Matt Overton,Miami Dolphins
Patrick Paul,Miami Dolphins
Jaelan Phillips,Miami Dolphins
Brandon Pili,Miami Dolphins
Jordan Poyer,Miami Dolphins
Deneric Prince,Miami Dolphins
Jalen Ramsey,Miami Dolphins
Duke Riley,Miami Dolphins
Chop Robinson,Miami Dolphins
Hayden Rucci,Miami Dolphins
Jason Sanders,Miami Dolphins
Anthony Schwartz,Miami Dolphins
Zach Sieler,Miami Dolphins
Cam Smith,Miami Dolphins
Jonnu Smith,Miami Dolphins
Kion Smith,Miami Dolphins
Durham Smythe,Miami Dolphins
Jack Stoll,Miami Dolphins
Tua Tagovailoa,Miami Dolphins
Skylar Thompson,Miami Dolphins
Channing Tindall,Miami Dolphins
Zach Triner,Miami Dolphins
Jaylen Waddle,Miami Dolphins
Anthony Walker,Miami Dolphins
Malik Washington,Miami Dolphins
Tahj Washington,Miami Dolphins
Jeff Wilson,Miami Dolphins
Jaylen Wright,Miami Dolphins
Isaiah Wynn,Miami Dolphins
Jordan Addison,Minnesota Vikings
Cam Akers,Minnesota Vikings
Brian Asamoah,Minnesota Vikings
Travis Bell,Minnesota Vikings
Mekhi Blackmon,Minnesota Vikings
Garrett Bradbury,Minnesota Vikings
Blake Brandel,Minnesota Vikings
Jonathan Bullard,Minnesota Vikings
Camryn Bynum,Minnesota Vikings
Henry Byrd,Minnesota Vikings
Andre Carter II,Minnesota Vikings
Blake Cashman,Minnesota Vikings
Ty Chandler,Minnesota Vikings
Coy Cronk,Minnesota Vikings
Sam Darnold,Minnesota Vikings
Christian Darrisaw,Minnesota Vikings
Jamin Davis,Minnesota Vikings
Andrew DePaola,Minnesota Vikings
Akayleb Evans,Minnesota Vikings
Dan Feeney,Minnesota Vikings
Jeremy Flax,Minnesota Vikings
Dallas Gant,Minnesota Vikings
Myles Gaskin,Minnesota Vikings
Stephon Gilmore,Minnesota Vikings
Jonathan Greenard,Minnesota Vikings
Shaquill Griffin,Minnesota Vikings
Kamu Grugier-Hill,Minnesota Vikings
C.J. Ham,Minnesota Vikings
N'Keal Harry,Minnesota Vikings
T.J. Hockenson,Minnesota Vikings
Ed Ingram,Minnesota Vikings
Lucky Jackson,Minnesota Vikings
Theo Jackson,Minnesota Vikings
Trishton Jackson,Minnesota Vikings
Justin Jefferson,Minnesota Vikings
Marcellus Johnson,Minnesota Vikings
Aaron Jones,Minnesota Vikings
Daniel Jones,Minnesota Vikings
Jeshaun Jones,Minnesota Vikings
Patrick Jones II,Minnesota Vikings
Kelvin Joseph,Minnesota Vikings
Michael Jurgens,Minnesota Vikings
Jordan Kunaszyk,Minnesota Vikings
Ricky Lee,Minnesota Vikings
Bobby McCain,Minnesota Vikings
J.J. McCarthy,Minnesota Vikings
Dwight McGlothern,Minnesota Vikings
Jake McQuaide,Minnesota Vikings
Josh Metellus,Minnesota Vikings
Fabian Moreau,Minnesota Vikings
Nick Mullens,Minnesota Vikings
Johnny Mundt,Minnesota Vikings
Calvin Munson,Minnesota Vikings
Gabriel Murphy,Minnesota Vikings
Byron Murphy,Minnesota Vikings
Nick Muse,Minnesota Vikings
Jalen Nailor,Minnesota Vikings
Josh Oliver,Minnesota Vikings
Brian O'Neill,Minnesota Vikings
Ivan Pace Jr.,Minnesota Vikings
Julian Pearl,Minnesota Vikings
Harrison Phillips,Minnesota Vikings
Brandon Powell,Minnesota Vikings
David Quessenberry,Minnesota Vikings
Jalen Redmond,Minnesota Vikings
Will Reichard,Minnesota Vikings
Sammis Reyes,Minnesota Vikings
Bo Richter,Minnesota Vikings
Dalton Risner,Minnesota Vikings
Cam Robinson,Minnesota Vikings
Tyrese Robinson,Minnesota Vikings
Levi Drake Rodriguez,Minnesota Vikings
John Parker Romo,Minnesota Vikings
Walter Rouse,Minnesota Vikings
Brett Rypien,Minnesota Vikings
Zavier Scott,Minnesota Vikings
Trent Sherfield,Minnesota Vikings
Harrison Smith,Minnesota Vikings
Taki Taimani,Minnesota Vikings
Thayer Thomas,Minnesota Vikings
NaJee Thompson,Minnesota Vikings
Jerry Tillery,Minnesota Vikings
Robert Tonyan,Minnesota Vikings
Maxwell Tooley,Minnesota Vikings
Dallas Turner,Minnesota Vikings
Andrew Van Ginkel,Minnesota Vikings
Jay Ward,Minnesota Vikings
Jihad Ward,Minnesota Vikings
Jaylin Williams,Minnesota Vikings
Jonah Williams,Minnesota Vikings
Nahshon Wright,Minnesota Vikings
Ryan Wright,Minnesota Vikings
Tucker Addington,New England Patriots
David Andrews,New England Patriots
Jake Andrews,New England Patriots
Alex Austin,New England Patriots
Javon Baker,New England Patriots
Keshawn Banks,New England Patriots
Bryce Baringer,New England Patriots
Christian Barmore,New England Patriots
Miles Battle,New England Patriots
Jaheim Bell,New England Patriots
Ja'Whaun Bentley,New England Patriots
Isaiah Bolden,New England Patriots
Kendrick Bourne,New England Patriots
Kayshon Boutte,New England Patriots
Jacoby Brissett,New England Patriots
Ben Brown,New England Patriots
Joe Cardona,New England Patriots
Jerome Carvin,New England Patriots
Lester Cotton,New England Patriots
Marcellas Dial Jr.,New England Patriots
Demario Douglas,New England Patriots
Kyle Dugger,New England Patriots
Daniel Ekuale,New England Patriots
Christian Elliss,New England Patriots
Liam Fornadel,New England Patriots
Antonio Gibson,New England Patriots
Joe Giles-Harris,New England Patriots
Davon Godchaux,New England Patriots
Christian Gonzalez,New England Patriots
Kevin Harris,New England Patriots
Marcus Harris,New England Patriots
JaMycal Hasty,New England Patriots
Jaylinn Hawkins,New England Patriots
Sincere Haynesworth,New England Patriots
Hunter Henry,New England Patriots
Trysten Hill,New England Patriots
Austin Hooper,New England Patriots
Bryan Hudson,New England Patriots
JaQuae Jackson,New England Patriots
Curtis Jacobs,New England Patriots
Demontrey Jacobs,New England Patriots
DJ James,New England Patriots
Anfernee Jennings,New England Patriots
Terrell Jennings,New England Patriots
John Jiles,New England Patriots
Eric Johnson,New England Patriots
Caleb Jones,New England Patriots
Jonathan Jones,New England Patriots
Marcus Jones,New England Patriots
Truman Jones,New England Patriots
Mike Jordan,New England Patriots
Jamree Kromah,New England Patriots
Matt Landers,New England Patriots
Titus Leo,New England Patriots
Nick Leverett,New England Patriots
Vederian Lowe,New England Patriots
Marte Mapu,New England Patriots
Ochaun Mathis,New England Patriots
Drake Maye,New England Patriots
Jalen McKenzie,New England Patriots
Raekwon McMillan,New England Patriots
Joe Milton III,New England Patriots
Yannick Ngakoue,New England Patriots
Chukwuma Okorafor,New England Patriots
Mike Onwenu,New England Patriots
K.J. Osborn,New England Patriots
Andrew Parker,New England Patriots
Jabrill Peppers,New England Patriots
Mark Perry,New England Patriots
Dell Pettus,New England Patriots
Jeremiah Pharms,New England Patriots
Ja'Lynn Polk,New England Patriots
Jalen Reagor,New England Patriots
Monty Rice,New England Patriots
Yvandy Rigby,New England Patriots
Layden Robinson,New England Patriots
Tyrese Robinson,New England Patriots
John Parker Romo,New England Patriots
Jaquelin Roy,New England Patriots
Jotham Russell,New England Patriots
Braylon Sanders,New England Patriots
Brenden Schooler,New England Patriots
Joey Slye,New England Patriots
Lecitus Smith,New England Patriots
Sidy Sow,New England Patriots
Rhamondre Stevenson,New England Patriots
Cole Strange,New England Patriots
Sione Takitaki,New England Patriots
Jahlani Tavai,New England Patriots
A.J. Thomas,New England Patriots
Zach Thomas,New England Patriots
Tyquan Thornton,New England Patriots
Joshua Uche,New England Patriots
Caedan Wallace,New England Patriots
Armon Watts,New England Patriots
Jack Westover,New England Patriots
Tyrone Wheatley Jr.,New England Patriots
Keion White,New England Patriots
Mitchell Wilcox,New England Patriots
Marco Wilson,New England Patriots
Deatrich Wise,New England Patriots
Oshane Ximines,New England Patriots
Johnathan Abram,New Orleans Saints
Paulson Adebo,New Orleans Saints
Ugo Amadi,New Orleans Saints
Ryder Anderson,New Orleans Saints
Kevin Austin Jr.,New Orleans Saints
Khristian Boyd,New Orleans Saints
Millard Bradford,New Orleans Saints
Bryan Bresee,New Orleans Saints
Derek Carr,New Orleans Saints
Demario Davis,New Orleans Saints
Austin Deculus,New Orleans Saints
Ben DiNucci,New Orleans Saints
Josiah Ezirim,New Orleans Saints
Tra Fluellen,New Orleans Saints
Jaylan Ford,New Orleans Saints
Isaiah Foskey,New Orleans Saints
Taliese Fuaga,New Orleans Saints
Willie Gay Jr.,New Orleans Saints
Carl Granderson,New Orleans Saints
J.T. Gray,New Orleans Saints
Blake Grupe,New Orleans Saints
Jake Haener,New Orleans Saints
Will Harris,New Orleans Saints
Matthew Hayball,New Orleans Saints
Sincere Haynesworth,New Orleans Saints
Kyle Hergel,New Orleans Saints
Tre Herndon,New Orleans Saints
Justin Herron,New Orleans Saints
Taysom Hill,New Orleans Saints
Dallin Holker,New Orleans Saints
Jordan Howden,New Orleans Saints
Khaleke Hudson,New Orleans Saints
D'Marco Jackson,New Orleans Saints
Jermaine Jackson,New Orleans Saints
Michael Jacobson,New Orleans Saints
Shemar Jean-Charles,New Orleans Saints
Trajan Jeffcoat,New Orleans Saints
Juwan Johnson,New Orleans Saints
Cameron Jordan,New Orleans Saints
Alvin Kamara,New Orleans Saints
Jacob Kibodi,New Orleans Saints
Tanoh Kpassagnon,New Orleans Saints
Niko Lalos,New Orleans Saints
Marshon Lattimore,New Orleans Saints
Shane Lemieux,New Orleans Saints
Tyrann Mathieu,New Orleans Saints
Erik McCoy,New Orleans Saints
Connor McGovern,New Orleans Saints
Kool-Aid McKinstry,New Orleans Saints
Bub Means,New Orleans Saints
Kendre Miller,New Orleans Saints
Jordan Mims,New Orleans Saints
Foster Moreau,New Orleans Saints
Chris Olave,New Orleans Saints
Anfernee Orji,New Orleans Saints
Lucas Patrick,New Orleans Saints
Camron Peterson,New Orleans Saints
Rico Payton,New Orleans Saints
Trevor Penning,New Orleans Saints
A.T. Perry,New Orleans Saints
Dante Pettis,New Orleans Saints
Adam Prentice,New Orleans Saints
Ryan Ramczyk,New Orleans Saints
Spencer Rattler,New Orleans Saints
Chris Reed,New Orleans Saints
John Ridgeway,New Orleans Saints
Cesar Ruiz,New Orleans Saints
Nick Saldiveri,New Orleans Saints
Khalen Saunders,New Orleans Saints
Nephi Sewell,New Orleans Saints
Rashid Shaheed,New Orleans Saints
Nathan Shepherd,New Orleans Saints
Charlie Smyth,New Orleans Saints
Isaiah Stalbird,New Orleans Saints
Equanimeous St. Brown,New Orleans Saints
Alontae Taylor,New Orleans Saints
Roderic Teamer,New Orleans Saints
Mason Tipton,New Orleans Saints
Payton Turner,New Orleans Saints
Oli Udoh,New Orleans Saints
Marquez Valdes-Scantling,New Orleans Saints
Xazavian Valladay,New Orleans Saints
Kendal Vickers,New Orleans Saints
Treyton Welch,New Orleans Saints
Pete Werner,New Orleans Saints
Jamaal Williams,New Orleans Saints
Cedrick Wilson Jr.,New Orleans Saints
Zach Wood,New Orleans Saints
Rejzohn Wright,New Orleans Saints
Chase Young,New Orleans Saints
Landon Young,New Orleans Saints
Matthew Adams,New York Giants
Deonte Banks,New York Giants
Carlos Basham,New York Giants
Daniel Bellinger,New York Giants
Dane Belton,New York Giants
Ross Blacklock,New York Giants
Curtis Bolton,New York Giants
Ekow Boye-Doe,New York Giants
Tim Boyle,New York Giants
Brian Burns,New York Giants
Lawrence Cager,New York Giants
Elijah Chatman,New York Giants
Chase Cota,New York Giants
Carter Coughlin,New York Giants
DJ Davidson,New York Giants
Tommy DeVito,New York Giants
Greg Dulcich,New York Giants
Cory Durden,New York Giants
Jermaine Eluemunor,New York Giants
Joshua Ezeudu,New York Giants
Cordale Flott,New York Giants
Bryce Ford-Wheaton,New York Giants
Tomon Fox,New York Giants
Graham Gano,New York Giants
Elijah Garcia,New York Giants
Jamie Gillan,New York Giants
Eric Gray,New York Giants
Art Green,New York Giants
Garret Greenfield,New York Giants
Matt Haack,New York Giants
Tre Hawkins III,New York Giants
Azizi Hearn,New York Giants
Isaiah Hodgins,New York Giants
Timmy Horne,New York Giants
Chris Hubbard,New York Giants
Bryan Hudson,New York Giants
Jalin Hyatt,New York Giants
Adoree' Jackson,New York Giants
Kearis Jackson,New York Giants
Alex Johnson,New York Giants
Dyontae Johnson,New York Giants
Jakob Johnson,New York Giants
Marcellus Johnson,New York Giants
Patrick Johnson,New York Giants
Theo Johnson,New York Giants
Anthony Johnson Jr.,New York Giants
Daniel Jones,New York Giants
Greg Joseph,New York Giants
Casey Kreiter,New York Giants
Jake Kubas,New York Giants
Dexter Lawrence,New York Giants
Raheem Layne,New York Giants
Drew Lock,New York Giants
Chris Manhertz,New York Giants
Cade Mays,New York Giants
Jude McAtamney,New York Giants
Nick McCloud,New York Giants
Micah McFadden,New York Giants
Joshua Miles,New York Giants
Dante Miller,New York Giants
Jimmy Morrissey,New York Giants
Darius Muasau,New York Giants
Jordan Murray,New York Giants
Malik Nabers,New York Giants
Evan Neal,New York Giants
Tyler Nubin,New York Giants
Rakeem Nunez-Roches,New York Giants
Azeez Ojulari,New York Giants
Bobby Okereke,New York Giants
Gunner Olszewski,New York Giants
Gervarrius Owens,New York Giants
Andru Phillips,New York Giants
Tyre Phillips,New York Giants
Jason Pinnock,New York Giants
Elijah Riley,New York Giants
Jordon Riley,New York Giants
Wan'Dale Robinson,New York Giants
Casey Rogers,New York Giants
Jon Runyan,New York Giants
Austin Schlottmann,New York Giants
John Michael Schmitz,New York Giants
Duke Shelley,New York Giants
Isaiah Simmons,New York Giants
Devin Singletary,New York Giants
Darius Slayton,New York Giants
Ihmir Smith-Marsette,New York Giants
Aaron Stinnie,New York Giants
Greg Stroman,New York Giants
Ty Summers,New York Giants
Jonathan Sutherland,New York Giants
Kayvon Thibodeaux,New York Giants
Andrew Thomas,New York Giants
Tyrone Tracy Jr.,New York Giants
Greg Van Roten,New York Giants
Armon Watts,New York Giants
Benton Whitley,New York Giants
Dee Williams,New York Giants
Joel Wilson,New York Giants
Israel Abanikanda,New York Jets
Davante Adams,New York Jets
Tony Adams,New York Jets
Braelon Allen,New York Jets
Zack Bailey,New York Jets
Zaire Barnes,New York Jets
Brenden Bates,New York Jets
Jarrick Bernard-Converse,New York Jets
Marquise Blair,New York Jets
Jason Brownlee,New York Jets
Anders Carlson,New York Jets
Michael Carter II,New York Jets
Irvin Charles,New York Jets
Jimmy Ciarlo,New York Jets
Matthew Cindric,New York Jets
Chuck Clark,New York Jets
Micheal Clemons,New York Jets
Tyler Conklin,New York Jets
Malachi Corley,New York Jets
Ashtyn Davis,New York Jets
Isaiah Davis,New York Jets
Brandin Echols,New York Jets
Sam Eguavoen,New York Jets
Obinna Eze,New York Jets
Olumuyiwa Fashanu,New York Jets
Anthony Firkser,New York Jets
Leki Fotu,New York Jets
Sauce Gardner,New York Jets
Xavier Gipson,New York Jets
Breece Hall,New York Jets
Jake Hanson,New York Jets
Bruce Hector,New York Jets
Thomas Hennessy,New York Jets
Anthony Hines III,New York Jets
Jalyn Holmes,New York Jets
Jermaine Johnson II,New York Jets
Jaylen Key,New York Jets
Javon Kinlaw,New York Jets
Bam Knight,New York Jets
Zack Kuntz,New York Jets
Allen Lazard,New York Jets
Kohl Levao,New York Jets
Alec Lindstrom,New York Jets
Adrian Martinez,New York Jets
Marcelino McCrary-Ball,New York Jets
Will McDonald IV,New York Jets
Connor McGovern,New York Jets
Braiden McGregor,New York Jets
Takk McKinley,New York Jets
Jalen Mills,New York Jets
Max Mitchell,New York Jets
Jarius Monroe,New York Jets
Thomas Morstead,New York Jets
Morgan Moses,New York Jets
C.J. Mosley,New York Jets
Xavier Newman-Johnson,New York Jets
Kene Nwangwu,New York Jets
Isaiah Oliver,New York Jets
Riley Patterson,New York Jets
Haason Reddick,New York Jets
D.J. Reed,New York Jets
Marcus Riley,New York Jets
Aaron Rodgers,New York Jets
Jeremy Ruckert,New York Jets
Wes Schweitzer,New York Jets
Kendall Sheffield,New York Jets
Jamien Sherwood,New York Jets
Spencer Shrader,New York Jets
John Simpson,New York Jets
Jackson Sirmon,New York Jets
Brandon Smith,New York Jets
Brandon Smith,New York Jets
Tyron Smith,New York Jets
Qwan'tez Stiggers,New York Jets
Chazz Surratt,New York Jets
Tre Swilling,New York Jets
Malik Taylor,New York Jets
Tyrod Taylor,New York Jets
Leonard Taylor III,New York Jets
Solomon Thomas,New York Jets
Joe Tippmann,New York Jets
Jordan Travis,New York Jets
Xazavian Valladay,New York Jets
Alijah Vera-Tucker,New York Jets
Carter Warren,New York Jets
Eric Watts,New York Jets
Mike Williams,New York Jets
Quinnen Williams,New York Jets
Quincy Williams,New York Jets
Garrett Wilson,New York Jets
Easop Winston,New York Jets
Kenny Yeboah,New York Jets
Greg Zuerlein,New York Jets
David Anenih,Philadelphia Eagles
Saquon Barkley,Philadelphia Eagles
Zack Baun,Philadelphia Eagles
Mekhi Becton,Philadelphia Eagles
Reed Blankenship,Philadelphia Eagles
Khari Blasingame,Philadelphia Eagles
Thomas Booker,Philadelphia Eagles
James Bradberry,Philadelphia Eagles
A.J. Brown,Philadelphia Eagles
Sydney Brown,Philadelphia Eagles
Oren Burks,Philadelphia Eagles
Grant Calcaterra,Philadelphia Eagles
Parris Campbell,Philadelphia Eagles
Jalen Carter,Philadelphia Eagles
McCallan Castles,Philadelphia Eagles
Tariq Castro-Fields,Philadelphia Eagles
Le'Raven Clark,Philadelphia Eagles
Britain Covey,Philadelphia Eagles
Braeden Daniels,Philadelphia Eagles
Jordan Davis,Philadelphia Eagles
Tyrion Davis-Price,Philadelphia Eagles
Nakobe Dean,Philadelphia Eagles
Cooper DeJean,Philadelphia Eagles
Landon Dickerson,Philadelphia Eagles
Jahan Dotson,Philadelphia Eagles
Jack Driscoll,Philadelphia Eagles
Jake Elliott,Philadelphia Eagles
Kevin Foelsch,Philadelphia Eagles
Kenneth Gainwell,Philadelphia Eagles
Dallas Gant,Philadelphia Eagles
C.J. Gardner-Johnson,Philadelphia Eagles
Nick Gates,Philadelphia Eagles
Dallas Goedert,Philadelphia Eagles
Brandon Graham,Philadelphia Eagles
Danny Gray,Philadelphia Eagles
Will Grier,Philadelphia Eagles
Gabe Hall,Philadelphia Eagles
Charles Harris,Philadelphia Eagles
Jacob Harris,Philadelphia Eagles
Griffin Hebert,Philadelphia Eagles
KJ Henry,Philadelphia Eagles
Bryce Huff,Philadelphia Eagles
Jalyx Hunt,Philadelphia Eagles
Jalen Hurts,Philadelphia Eagles
Siaki Ika,Philadelphia Eagles
Tarron Jackson,Philadelphia Eagles
E.J. Jenkins,Philadelphia Eagles
Fred Johnson,Philadelphia Eagles
Lane Johnson,Philadelphia Eagles
Patrick Johnson,Philadelphia Eagles
Cam Jurgens,Philadelphia Eagles
Trevor Keegan,Philadelphia Eagles
Darian Kinnard,Philadelphia Eagles
Rick Lovato,Philadelphia Eagles
Avonte Maddox,Philadelphia Eagles
Jordan Mailata,Philadelphia Eagles
Braden Mann,Philadelphia Eagles
Ochaun Mathis,Philadelphia Eagles
Tristin McCollum,Philadelphia Eagles
Tanner McKee,Philadelphia Eagles
Dylan McMahon,Philadelphia Eagles
Quinyon Mitchell,Philadelphia Eagles
Parry Nickerson,Philadelphia Eagles
Moro Ojomo,Philadelphia Eagles
Albert Okwuegbunam,Philadelphia Eagles
Kyle Philips,Philadelphia Eagles
Kenny Pickett,Philadelphia Eagles
Eli Ricks,Philadelphia Eagles
Kelee Ringo,Philadelphia Eagles
Isaiah Rodgers,Philadelphia Eagles
Marcus Rosemy-Jacksaint,Philadelphia Eagles
John Ross,Philadelphia Eagles
Andre' Sam,Philadelphia Eagles
Will Shipley,Philadelphia Eagles
Darius Slay,Philadelphia Eagles
Ainias Smith,Philadelphia Eagles
Brandon Smith,Philadelphia Eagles
DeVonta Smith,Philadelphia Eagles
Nolan Smith,Philadelphia Eagles
Tyler Steen,Philadelphia Eagles
Caden Sterns,Philadelphia Eagles
Jack Stoll,Philadelphia Eagles
Josh Sweat,Philadelphia Eagles
Brett Toth,Philadelphia Eagles
Jeremiah Trotter Jr.,Philadelphia Eagles
C.J. Uzomah,Philadelphia Eagles
Laekin Vakalahi,Philadelphia Eagles
Ben VanSumeren,Philadelphia Eagles
Devin White,Philadelphia Eagles
Milton Williams,Philadelphia Eagles
Johnny Wilson,Philadelphia Eagles
A.J. Woods,Philadelphia Eagles
JT Woods,Philadelphia Eagles
Byron Young,Philadelphia Eagles
Montravius Adams,Pittsburgh Steelers
Jamal Agnew,Pittsburgh Steelers
Kyle Allen,Pittsburgh Steelers
Calvin Anderson,Pittsburgh Steelers
Spencer Anderson,Pittsburgh Steelers
Calvin Austin III,Pittsburgh Steelers
Anthony Averett,Pittsburgh Steelers
Keeanu Benton,Pittsburgh Steelers
Beanie Bishop Jr.,Pittsburgh Steelers
Chris Boswell,Pittsburgh Steelers
Jack Colletto,Pittsburgh Steelers
Dylan Cook,Pittsburgh Steelers
James Daniels,Pittsburgh Steelers
Domenique Davis,Pittsburgh Steelers
Shaquan Davis,Pittsburgh Steelers
Terrell Edmunds,Pittsburgh Steelers
DeShon Elliott,Pittsburgh Steelers
Jalen Elliott,Pittsburgh Steelers
Troy Fautanu,Pittsburgh Steelers
Breiden Fehoko,Pittsburgh Steelers
Justin Fields,Pittsburgh Steelers
Minkah Fitzpatrick,Pittsburgh Steelers
Zach Frazier,Pittsburgh Steelers
Pat Freiermuth,Pittsburgh Steelers
Zyon Gilbert,Pittsburgh Steelers
Thomas Graham Jr.,Pittsburgh Steelers
Devin Harper,Pittsburgh Steelers
Najee Harris,Pittsburgh Steelers
Marcus Haynes,Pittsburgh Steelers
C.J. Henderson,Pittsburgh Steelers
Nate Herbig,Pittsburgh Steelers
Nick Herbig,Pittsburgh Steelers
Cameron Heyward,Pittsburgh Steelers
Connor Heyward,Pittsburgh Steelers
Alex Highsmith,Pittsburgh Steelers
Cole Holcomb,Pittsburgh Steelers
Andy Isabella,Pittsburgh Steelers
Donte Jackson,Pittsburgh Steelers
D'Shawn Jamison,Pittsburgh Steelers
Van Jefferson,Pittsburgh Steelers
Jaray Jenkins,Pittsburgh Steelers
Brandon Johnson,Pittsburgh Steelers
Cameron Johnston,Pittsburgh Steelers
Broderick Jones,Pittsburgh Steelers
Damontae Kazee,Pittsburgh Steelers
Miles Killebrew,Pittsburgh Steelers
Christian Kuntz,Pittsburgh Steelers
DeMarvin Leal,Pittsburgh Steelers
Logan Lee,Pittsburgh Steelers
John Leglue,Pittsburgh Steelers
Eku Leota,Pittsburgh Steelers
Isaiahh Loudermilk,Pittsburgh Steelers
Dean Lowry,Pittsburgh Steelers
Tyler Matakevich,Pittsburgh Steelers
Ryan McCollum,Pittsburgh Steelers
Mason McCormick,Pittsburgh Steelers
Lance McCutcheon,Pittsburgh Steelers
Scott Miller,Pittsburgh Steelers
Jeremiah Moon,Pittsburgh Steelers
Dan Moore Jr.,Pittsburgh Steelers
Doug Nester,Pittsburgh Steelers
Adetokunbo Ogundeji,Pittsburgh Steelers
Larry Ogunjobi,Pittsburgh Steelers
Ayo Oyelola,Pittsburgh Steelers
Cordarrelle Patterson,Pittsburgh Steelers
David Perales,Pittsburgh Steelers
La'Mical Perine,Pittsburgh Steelers
George Pickens,Pittsburgh Steelers
James Pierre,Pittsburgh Steelers
Joey Porter Jr.,Pittsburgh Steelers
MyCole Pruitt,Pittsburgh Steelers
Patrick Queen,Pittsburgh Steelers
Elandon Roberts,Pittsburgh Steelers
Mark Robinson,Pittsburgh Steelers
Eric Rowe,Pittsburgh Steelers
Darius Rush,Pittsburgh Steelers
Max Scharping,Pittsburgh Steelers
Boston Scott,Pittsburgh Steelers
Isaac Seumalo,Pittsburgh Steelers
Aaron Shampklin,Pittsburgh Steelers
Ben Skowronek,Pittsburgh Steelers
Jacob Slade,Pittsburgh Steelers
Preston Smith,Pittsburgh Steelers
Matt Sokol,Pittsburgh Steelers
Cameron Sutton,Pittsburgh Steelers
Cory Trice Jr.,Pittsburgh Steelers
Corliss Waitman,Pittsburgh Steelers
Jonathan Ward,Pittsburgh Steelers
Jaylen Warren,Pittsburgh Steelers
Darnell Washington,Pittsburgh Steelers
Quez Watkins,Pittsburgh Steelers
T.J. Watt,Pittsburgh Steelers
Ryan Watts,Pittsburgh Steelers
Julius Welschof,Pittsburgh Steelers
Mike Williams,Pittsburgh Steelers
Rod Williams,Pittsburgh Steelers
Payton Wilson,Pittsburgh Steelers
Roman Wilson,Pittsburgh Steelers
Russell Wilson,Pittsburgh Steelers
Jacoby Windmon,Pittsburgh Steelers
Craig Young,Pittsburgh Steelers
Israel Abanikanda,San Francisco 49ers
Brandon Aiyuk,San Francisco 49ers
Isaac Alarcon,San Francisco 49ers
Brandon Allen,San Francisco 49ers
Adrian Amos,San Francisco 49ers
Evan Anderson,San Francisco 49ers
Aaron Banks,San Francisco 49ers
Alex Barrett,San Francisco 49ers
Ben Bartch,San Francisco 49ers
Robert Beal Jr.,San Francisco 49ers
Ronnie Bell,San Francisco 49ers
Tatum Bethune,San Francisco 49ers
Nick Bosa,San Francisco 49ers
Jake Brendel,San Francisco 49ers
Ji'Ayir Brown,San Francisco 49ers
Shakel Brown,San Francisco 49ers
Spencer Burford,San Francisco 49ers
De'Vondre Campbell,San Francisco 49ers
Anders Carlson,San Francisco 49ers
Maliek Collins,San Francisco 49ers
Chris Conley,San Francisco 49ers
Jacob Cowing,San Francisco 49ers
Kalia Davis,San Francisco 49ers
Khalil Davis,San Francisco 49ers
Joshua Dobbs,San Francisco 49ers
Dieter Eiselen,San Francisco 49ers
Jordan Elliott,San Francisco 49ers
Jon Feliciano,San Francisco 49ers
Demetrius Flannigan-Fowles,San Francisco 49ers
Leonard Floyd,San Francisco 49ers
Russell Gage,San Francisco 49ers
Jonathan Garvin,San Francisco 49ers
Tashaun Gipson,San Francisco 49ers
Kevin Givens,San Francisco 49ers
Jalen Graham,San Francisco 49ers
Renardo Green,San Francisco 49ers
Dre Greenlaw,San Francisco 49ers
Yetur Gross-Matos,San Francisco 49ers
Isaac Guerendo,San Francisco 49ers
Sebastian Gutierrez,San Francisco 49ers
Javon Hargrave,San Francisco 49ers
Chris Hubbard,San Francisco 49ers
Talanoa Hufanga,San Francisco 49ers
Drake Jackson,San Francisco 49ers
Jauan Jennings,San Francisco 49ers
Kyle Juszczyk,San Francisco 49ers
George Kittle,San Francisco 49ers
Deommodore Lenoir,San Francisco 49ers
Chase Lucas,San Francisco 49ers
Darrell Luter Jr.,San Francisco 49ers
Jaylen Mahoney,San Francisco 49ers
Terrace Marshall Jr.,San Francisco 49ers
Jordan Mason,San Francisco 49ers
Christian McCaffrey,San Francisco 49ers
Nick McCloud,San Francisco 49ers
T.Y. McGill,San Francisco 49ers
Colton McKivitz,San Francisco 49ers
Elijah Mitchell,San Francisco 49ers
Jake Moody,San Francisco 49ers
Jaylon Moore,San Francisco 49ers
Tanner Mordecai,San Francisco 49ers
Malik Mustapha,San Francisco 49ers
Drake Nugent,San Francisco 49ers
Pat O'Donnell,San Francisco 49ers
George Odum,San Francisco 49ers
Sam Okuayinonu,San Francisco 49ers
Terique Owens,San Francisco 49ers
Ricky Pearsall,San Francisco 49ers
Taybor Pepper,San Francisco 49ers
Mason Pline,San Francisco 49ers
Dominick Puni,San Francisco 49ers
Brock Purdy,San Francisco 49ers
Curtis Robinson,San Francisco 49ers
Deebo Samuel Sr.,San Francisco 49ers
Eric Saubert,San Francisco 49ers
Nesta Jade Silvera,San Francisco 49ers
Patrick Taylor,San Francisco 49ers
Trent Taylor,San Francisco 49ers
Ambry Thomas,San Francisco 49ers
Jake Tonges,San Francisco 49ers
Malik Turner,San Francisco 49ers
Ke'Shawn Vaughn,San Francisco 49ers
Tracy Walker III,San Francisco 49ers
Charvarius Ward,San Francisco 49ers
Fred Warner,San Francisco 49ers
DaShaun White,San Francisco 49ers
Trent Williams,San Francisco 49ers
Brayden Willis,San Francisco 49ers
Dee Winters,San Francisco 49ers
Mitch Wishnowsky,San Francisco 49ers
Matthew Wright,San Francisco 49ers
Rock Ya-Sin,San Francisco 49ers
Isaac Yiadom,San Francisco 49ers
Nick Zakelj,San Francisco 49ers
Myles Adams,Seattle Seahawks
Jerome Baker,Seattle Seahawks
AJ Barner,Seattle Seahawks
Michael Barrett,Seattle Seahawks
Marquise Blair,Seattle Seahawks
Jake Bobo,Seattle Seahawks
Quinton Bohanna,Seattle Seahawks
Tyus Bowser,Seattle Seahawks
Miles Boykin,Seattle Seahawks
Anthony Bradford,Seattle Seahawks
Brittain Brown,Seattle Seahawks
Pharaoh Brown,Seattle Seahawks
Tre Brown,Seattle Seahawks
Coby Bryant,Seattle Seahawks
Artie Burns,Seattle Seahawks
Zach Charbonnet,Seattle Seahawks
Ryan Cooper Jr.,Seattle Seahawks
Charles Cross,Seattle Seahawks
McClendon Curtis,Seattle Seahawks
Jaelon Darden,Seattle Seahawks
Michael Dickson,Seattle Seahawks
Tyrel Dodson,Seattle Seahawks
Michael Dowell,Seattle Seahawks
George Fant,Seattle Seahawks
Noah Fant,Seattle Seahawks
AJ Finley,Seattle Seahawks
Stone Forsythe,Seattle Seahawks
Eric Garror,Seattle Seahawks
Trevis Gipson,Seattle Seahawks
Matt Gotel,Seattle Seahawks
Derick Hall,Seattle Seahawks
Jaren Hall,Seattle Seahawks
Johnathan Hankins,Seattle Seahawks
N'Keal Harry,Seattle Seahawks
Christian Haynes,Seattle Seahawks
Faion Hicks,Seattle Seahawks
George Holani,Seattle Seahawks
Sam Howell,Seattle Seahawks
Rayshawn Jenkins,Seattle Seahawks
Michael Jerrell,Seattle Seahawks
Josh Jobe,Seattle Seahawks
Dre'Mont Jones,Seattle Seahawks
Ernest Jones,Seattle Seahawks
Tyrice Knight,Seattle Seahawks
Sataoa Laumea,Seattle Seahawks
Devere Levelston,Seattle Seahawks
Tyler Lockett,Seattle Seahawks
Julian Love,Seattle Seahawks
Abraham Lucas,Seattle Seahawks
Tyler Mabry,Seattle Seahawks
Boye Mafe,Seattle Seahawks
Kenny McIntosh,Seattle Seahawks
DK Metcalf,Seattle Seahawks
Mike Morris,Seattle Seahawks
Byron Murphy II,Seattle Seahawks
Jason Myers,Seattle Seahawks
Mike Novitsky,Seattle Seahawks
Uchenna Nwosu,Seattle Seahawks
Patrick O'Connell,Seattle Seahawks
Kenneth Odumegwu,Seattle Seahawks
Ty Okada,Seattle Seahawks
Olu Oluwatimi,Seattle Seahawks
Joshua Onujiogu,Seattle Seahawks
Jason Peters,Seattle Seahawks
Brandon Pili,Seattle Seahawks
Cornell Powell,Seattle Seahawks
Nehemiah Pritchett,Seattle Seahawks
Jarran Reed,Seattle Seahawks
Jerrick Reed II,Seattle Seahawks
John Rhys Plumlee,Seattle Seahawks
Devin Richardson,Seattle Seahawks
Roy Robertson-Harris,Seattle Seahawks
Josh Ross,Seattle Seahawks
Brady Russell,Seattle Seahawks
Laviska Shenault Jr.,Seattle Seahawks
Jamie Sheriff,Seattle Seahawks
Marcus Simms,Seattle Seahawks
Geno Smith,Seattle Seahawks
Tyreke Smith,Seattle Seahawks
Jaxon Smith-Njigba,Seattle Seahawks
Chris Stoll,Seattle Seahawks
Jalen Sundell,Seattle Seahawks
Drake Thomas,Seattle Seahawks
Laken Tomlinson,Seattle Seahawks
Ezekiel Turner,Seattle Seahawks
Kenneth Walker III,Seattle Seahawks
K'Von Wallace,Seattle Seahawks
Cody White,Seattle Seahawks
Connor Williams,Seattle Seahawks
Dee Williams,Seattle Seahawks
Leonard Williams,Seattle Seahawks
Damarion Williams,Seattle Seahawks
Devon Witherspoon,Seattle Seahawks
Riq Woolen,Seattle Seahawks
Cameron Young,Seattle Seahawks
Dareke Young,Seattle Seahawks
Ty Zentner,Seattle Seahawks
Eric Banks,Tampa Bay Buccaneers
Marcus Banks,Tampa Bay Buccaneers
Graham Barton,Tampa Bay Buccaneers
Chris Braswell,Tampa Bay Buccaneers
Ben Bredeson,Tampa Bay Buccaneers
C.J. Brewer,Tampa Bay Buccaneers
K.J. Britt,Tampa Bay Buccaneers
Jack Browning,Tampa Bay Buccaneers
Earnest Brown IV,Tampa Bay Buccaneers
Marquez Callaway,Tampa Bay Buccaneers
Jake Camarda,Tampa Bay Buccaneers
Devin Culp,Tampa Bay Buccaneers
Lavonte David,Tampa Bay Buccaneers
Jamel Dean,Tampa Bay Buccaneers
Evan Deckers,Tampa Bay Buccaneers
Kalen DeLoach,Tampa Bay Buccaneers
SirVocea Dennis,Tampa Bay Buccaneers
Yaya Diaby,Tampa Bay Buccaneers
Payne Durham,Tampa Bay Buccaneers
Silas Dzansi,Tampa Bay Buccaneers
Chase Edmonds,Tampa Bay Buccaneers
Mike Edwards,Tampa Bay Buccaneers
Mike Evans,Tampa Bay Buccaneers
Dallis Flowers,Tampa Bay Buccaneers
Tyrek Funderburk,Tampa Bay Buccaneers
Greg Gaines,Tampa Bay Buccaneers
William Gholston,Tampa Bay Buccaneers
Trenton Gill,Tampa Bay Buccaneers
Chris Godwin,Tampa Bay Buccaneers
Luke Goedeke,Tampa Bay Buccaneers
Mike Greene,Tampa Bay Buccaneers
Antonio Grier Jr.,Tampa Bay Buccaneers
Daniel Grzesiak,Tampa Bay Buccaneers
Luke Haggard,Tampa Bay Buccaneers
Robert Hainsey,Tampa Bay Buccaneers
Bryce Hall,Tampa Bay Buccaneers
Logan Hall,Tampa Bay Buccaneers
Josh Hayes,Tampa Bay Buccaneers
Troy Hill,Tampa Bay Buccaneers
Dennis Houston,Tampa Bay Buccaneers
Bucky Irving,Tampa Bay Buccaneers
Keenan Isaac,Tampa Bay Buccaneers
Christian Izien,Tampa Bay Buccaneers
Rakim Jarrett,Tampa Bay Buccaneers
Kameron Johnson,Tampa Bay Buccaneers
Deion Jones,Tampa Bay Buccaneers
Vi Jones,Tampa Bay Buccaneers
Calijah Kancey,Tampa Bay Buccaneers
Ko Kieft,Tampa Bay Buccaneers
Elijah Klein,Tampa Bay Buccaneers
Tanner Knue,Tampa Bay Buccaneers
Cody Mauch,Tampa Bay Buccaneers
Baker Mayfield,Tampa Bay Buccaneers
Zyon McCollum,Tampa Bay Buccaneers
Chase McLaughlin,Tampa Bay Buccaneers
Jalen McMillan,Tampa Bay Buccaneers
Kaevon Merriweather,Tampa Bay Buccaneers
Lorenz Metz,Tampa Bay Buccaneers
Ryan Miller,Tampa Bay Buccaneers
Ryan Neal,Tampa Bay Buccaneers
Anthony Nelson,Tampa Bay Buccaneers
Royce Newman,Tampa Bay Buccaneers
Raiqwon O'Neal,Tampa Bay Buccaneers
Sua Opeta,Tampa Bay Buccaneers
Cade Otton,Tampa Bay Buccaneers
Trey Palmer,Tampa Bay Buccaneers
Michael Pratt,Tampa Bay Buccaneers
Jose Ramirez,Tampa Bay Buccaneers
J.J. Russell,Tampa Bay Buccaneers
Sterling Shepard,Tampa Bay Buccaneers
Justin Skule,Tampa Bay Buccaneers
Tykee Smith,Tampa Bay Buccaneers
Ben Stille,Tampa Bay Buccaneers
Tanner Taula,Tampa Bay Buccaneers
Tavierre Thomas,Tampa Bay Buccaneers
Cody Thompson,Tampa Bay Buccaneers
Kyle Trask,Tampa Bay Buccaneers
Zach Triner,Tampa Bay Buccaneers
Joe Tryon-Shoyinka,Tampa Bay Buccaneers
Sean Tucker,Tampa Bay Buccaneers
Vita Vea,Tampa Bay Buccaneers
Seth Vernon,Tampa Bay Buccaneers
Markees Watts,Tampa Bay Buccaneers
Rachaad White,Tampa Bay Buccaneers
Jordan Whitehead,Tampa Bay Buccaneers
D.J. Williams,Tampa Bay Buccaneers
Antoine Winfield Jr.,Tampa Bay Buccaneers
Tristan Wirfs,Tampa Bay Buccaneers
Rashad Wisdom,Tampa Bay Buccaneers
Jamal Adams,Tennessee Titans
McTelvin Agim,Tennessee Titans
Abdullah Anderson,Tennessee Titans
Tre Avery,Tennessee Titans
Chidobe Awuzie,Tennessee Titans
Jerome Baker,Tennessee Titans
Darrell Baker Jr.,Tennessee Titans
Curtis Bolton,Tennessee Titans
Tyler Boyd,Tennessee Titans
Chandler Brewer,Tennessee Titans
Kendell Brooks,Tennessee Titans
Mike Brown,Tennessee Titans
Jarvis Brownlee Jr.,Tennessee Titans
Daniel Brunskill,Tennessee Titans
Logan Bruss,Tennessee Titans
Treylon Burks,Tennessee Titans
Chance Campbell,Tennessee Titans
Julius Chestnut,Tennessee Titans
Keondre Coburn,Tennessee Titans
Morgan Cox,Tennessee Titans
Lloyd Cushenberry III,Tennessee Titans
Marlon Davidson,Tennessee Titans
Kellen Diesch,Tennessee Titans
Quandre Diggs,Tennessee Titans
Colton Dowell,Tennessee Titans
Khalid Duke,Tennessee Titans
Jaelyn Duncan,Tennessee Titans
Mike Edwards,Tennessee Titans
Nick Folk,Tennessee Titans
Ali Gaye,Tennessee Titans
Jack Gibbens,Tennessee Titans
Luke Gifford,Tennessee Titans
Cedric Gray,Tennessee Titans
Arlington Hambright,Tennessee Titans
Justin Hardee,Tennessee Titans
Jaylen Harrell,Tennessee Titans
Amani Hooker,Tennessee Titans
DeAndre Hopkins,Tennessee Titans
Isaiah Iton,Tennessee Titans
Jha'Quan Jackson,Tennessee Titans
Gabe Jeudy-Lally,Tennessee Titans
Kyron Johnson,Tennessee Titans
Ernest Jones,Tennessee Titans
Sebastian Joseph-Day,Tennessee Titans
Joshua Kelley,Tennessee Titans
Anthony Kendall,Tennessee Titans
Arden Key,Tennessee Titans
Mason Kinsey,Tennessee Titans
Harold Landry,Tennessee Titans
JC Latham,Tennessee Titans
Corey Levin,Tennessee Titans
Will Levis,Tennessee Titans
James Lynch,Tennessee Titans
Tay Martin,Tennessee Titans
David Martin-Robinson,Tennessee Titans
Roger McCreary,Tennessee Titans
TK McLendon Jr.,Tennessee Titans
Stanley Morgan,Tennessee Titans
Caleb Murphy,Tennessee Titans
"Kenneth Murray, Jr.",Tennessee Titans
Brayden Narveson,Tennessee Titans
Thomas Odukoya,Tennessee Titans
John Ojukwu,Tennessee Titans
Chig Okonkwo,Tennessee Titans
Bryce Oliver,Tennessee Titans
Gervarrius Owens,Tennessee Titans
Nicholas Petit-Frere,Tennessee Titans
Tony Pollard,Tennessee Titans
Isaiah Prince,Tennessee Titans
Dillon Radunz,Tennessee Titans
Otis Reese,Tennessee Titans
Calvin Ridley,Tennessee Titans
Mason Rudolph,Tennessee Titans
Andrew Rupcich,Tennessee Titans
Trevor Siemian,Tennessee Titans
Jeffery Simmons,Tennessee Titans
Peter Skoronski,Tennessee Titans
Jabari Small,Tennessee Titans
L'Jarius Sneed,Tennessee Titans
Tyjae Spears,Tennessee Titans
Cole Spencer,Tennessee Titans
Ryan Stonehouse,Tennessee Titans
T'Vondre Sweat,Tennessee Titans
Nick Vannett,Tennessee Titans
Garret Wallow,Tennessee Titans
Leroy Watson IV,Tennessee Titans
Nick Westbrook-Ikhine,Tennessee Titans
Josh Whyle,Tennessee Titans
James Williams,Tennessee Titans
Julius Wood,Tennessee Titans
Daryl Worley,Tennessee Titans
Nick Allegretti,Washington Commanders
Jonathan Allen,Washington Commanders
Kazmeir Allen,Washington Commanders
Chigozie Anusiem,Washington Commanders
Dorance Armstrong,Washington Commanders
John Bates,Washington Commanders
Nick Bellore,Washington Commanders
Tyler Biadasz,Washington Commanders
Dyami Brown,Washington Commanders
Noah Brown,Washington Commanders
Percy Butler,Washington Commanders
Jeremy Chinn,Washington Commanders
Brandon Coleman,Washington Commanders
Sam Cosmi,Washington Commanders
Jamison Crowder,Washington Commanders
Jayden Daniels,Washington Commanders
Anim Dankwah,Washington Commanders
Carl Davis,Washington Commanders
Jamin Davis,Washington Commanders
Michael Davis,Washington Commanders
Sheldon Day,Washington Commanders
Michael Deiter,Washington Commanders
Jeff Driskel,Washington Commanders
Austin Ekeler,Washington Commanders
Zach Ertz,Washington Commanders
Viliami Fehoko Jr.,Washington Commanders
Clelin Ferrell,Washington Commanders
Emmanuel Forbes,Washington Commanders
Darrick Forrest,Washington Commanders
Dante Fowler Jr.,Washington Commanders
Zane Gonzalez,Washington Commanders
Julian Good-Jones,Washington Commanders
Jalen Graham,Washington Commanders
Dominique Hampton,Washington Commanders
Bobby Hart,Washington Commanders
Sam Hartman,Washington Commanders
Marquis Hayes,Washington Commanders
Justin Hollins,Washington Commanders
Jalyn Holmes,Washington Commanders
Noah Igbinoghene,Washington Commanders
Javontae Jean-Baptiste,Washington Commanders
Andre Jones Jr.,Washington Commanders
Marshon Lattimore,Washington Commanders
Cornelius Lucas,Washington Commanders
Frankie Luvu,Washington Commanders
Jordan Magee,Washington Commanders
Marcus Mariota,Washington Commanders
Quan Martin,Washington Commanders
Phidarian Mathis,Washington Commanders
Luke McCaffrey,Washington Commanders
Terry McLaurin,Washington Commanders
Jeremy McNichols,Washington Commanders
Haggai Ndubuisi,Washington Commanders
Jer'Zhan Newton,Washington Commanders
Ben Nikkel,Washington Commanders
Efe Obada,Washington Commanders
Tyler Ott,Washington Commanders
Tyler Owens,Washington Commanders
Chris Paul,Washington Commanders
Daron Payne,Washington Commanders
Norell Pollard,Washington Commanders
Bobby Price,Washington Commanders
Jeremy Reaves,Washington Commanders
Sheldrick Redwine,Washington Commanders
Brian Robinson,Washington Commanders
Chris Rodriguez Jr.,Washington Commanders
Mike Sainristil,Washington Commanders
Max Scharping,Washington Commanders
Trent Scott,Washington Commanders
Austin Seibert,Washington Commanders
Kevon Seymour,Washington Commanders
Ben Sinnott,Washington Commanders
Benjamin St-Juste,Washington Commanders
Mike Strachan,Washington Commanders
Armani Taylor-Prioleau,Washington Commanders
Mitchell Tinsley,Washington Commanders
Brycen Tremayne,Washington Commanders
Cole Turner,Washington Commanders
Bobby Wagner,Washington Commanders
Mykal Walker,Washington Commanders
Carlos Watkins,Washington Commanders
Tress Way,Washington Commanders
Michael Wiley,Washington Commanders
Andrew Wylie,Washington Commanders
Colson Yankoff,Washington Commanders
Cade York,Washington Commanders
Olamide Zaccheaus,Washington Commanders
